{
  "report_date": "2025-11-07",
  "generated_at": "2025-11-07T12:52:24.723197+11:00",
  "opportunities": [
    {
      "symbol": "ANZ.AX",
      "name": "ANZ Group Holdings Limited",
      "price": 36.84000015258789,
      "market_cap": 110398824448,
      "volume": 5312229,
      "beta": 0.523,
      "pe_ratio": 16.666666,
      "technical": {
        "ma_20": 36.53249988555908,
        "ma_50": 34.585399780273434,
        "rsi": 50.98813216107452,
        "volatility": 0.010568083421179729,
        "price_vs_ma20": 0.8417170135963206,
        "price_vs_ma50": 6.518936853811992
      },
      "score": 89.0,
      "timestamp": "2025-11-07T01:52:24.672364",
      "prediction": "HOLD",
      "confidence": 49.0,
      "expected_return": 2.2931987574950434,
      "components": {
        "lstm": {
          "direction": 0.0,
          "confidence": 0.0
        },
        "trend": {
          "direction": 1.0,
          "confidence": 1.0
        },
        "technical": {
          "direction": 0.15,
          "confidence": 0.7
        },
        "sentiment": {
          "direction": -0.26985277222589366,
          "confidence": 0.9
        }
      },
      "opportunity_score": 72.27,
      "score_breakdown": {
        "prediction_confidence": 24.5,
        "technical_strength": 95.6,
        "spi_alignment": 50.0,
        "liquidity": 100.0,
        "volatility": 94.0,
        "sector_momentum": 89.0,
        "base_total": 67.27
      },
      "score_factors": {
        "adjustments": {
          "penalties": [],
          "bonuses": [
            {
              "type": "sector_leader",
              "amount": 5
            }
          ],
          "total_adjustment": 5
        },
        "prediction": "HOLD",
        "confidence": 49.0
      }
    },
    {
      "symbol": "NAB.AX",
      "name": "National Australia Bank Limited",
      "price": 44.529998779296875,
      "market_cap": 134048718848,
      "volume": 4239294,
      "beta": 0.646,
      "pe_ratio": 19.67713,
      "technical": {
        "ma_20": 43.6584997177124,
        "ma_50": 43.58359985351562,
        "rsi": 57.65125762940116,
        "volatility": 0.012909197466829885,
        "price_vs_ma20": 1.996172720591456,
        "price_vs_ma50": 2.171456531727754
      },
      "score": 84.0,
      "timestamp": "2025-11-07T01:52:24.684862",
      "prediction": "HOLD",
      "confidence": 36.5,
      "expected_return": 0.41819875749504354,
      "components": {
        "lstm": {
          "direction": 0.0,
          "confidence": 0.0
        },
        "trend": {
          "direction": 0.5,
          "confidence": 0.5
        },
        "technical": {
          "direction": 0.15,
          "confidence": 0.7
        },
        "sentiment": {
          "direction": -0.26985277222589366,
          "confidence": 0.9
        }
      },
      "opportunity_score": 62.695,
      "score_breakdown": {
        "prediction_confidence": 18.25,
        "technical_strength": 93.6,
        "spi_alignment": 50.0,
        "liquidity": 88.0,
        "volatility": 94.0,
        "sector_momentum": 84.0,
        "base_total": 62.695
      },
      "score_factors": {
        "adjustments": {
          "penalties": [],
          "bonuses": [],
          "total_adjustment": 0
        },
        "prediction": "HOLD",
        "confidence": 36.5
      }
    },
    {
      "symbol": "CBA.AX",
      "name": "Commonwealth Bank of Australia",
      "price": 176.35000610351562,
      "market_cap": 296066514944,
      "volume": 1831777,
      "beta": 0.889,
      "pe_ratio": 29.465889,
      "technical": {
        "ma_20": 170.75699920654296,
        "ma_50": 169.04540008544922,
        "rsi": 65.92049176755762,
        "volatility": 0.014296024879229414,
        "price_vs_ma20": 3.2754188249745013,
        "price_vs_ma50": 4.321091265644656
      },
      "score": 81.0,
      "timestamp": "2025-11-07T01:52:24.660949",
      "prediction": "HOLD",
      "confidence": 49.0,
      "expected_return": 1.9256987574950435,
      "components": {
        "lstm": {
          "direction": 0.0,
          "confidence": 0.0
        },
        "trend": {
          "direction": 1.0,
          "confidence": 1.0
        },
        "technical": {
          "direction": -0.19999999999999998,
          "confidence": 0.7
        },
        "sentiment": {
          "direction": -0.26985277222589366,
          "confidence": 0.9
        }
      },
      "opportunity_score": 61.63000000000001,
      "score_breakdown": {
        "prediction_confidence": 24.5,
        "technical_strength": 86.4,
        "spi_alignment": 50.0,
        "liquidity": 76.0,
        "volatility": 100.0,
        "sector_momentum": 81.0,
        "base_total": 61.63000000000001
      },
      "score_factors": {
        "adjustments": {
          "penalties": [],
          "bonuses": [],
          "total_adjustment": 0
        },
        "prediction": "HOLD",
        "confidence": 49.0
      }
    },
    {
      "symbol": "CIP.AX",
      "name": "Centuria Industrial REIT",
      "price": 3.5199999809265137,
      "market_cap": 2219710208,
      "volume": 1878592,
      "beta": 1.042,
      "pe_ratio": 16.833334,
      "technical": {
        "ma_20": 3.490500009059906,
        "ma_50": 3.4423948621749876,
        "rsi": 62.16216216216217,
        "volatility": 0.0078066676676014305,
        "price_vs_ma20": 0.8451503162881464,
        "price_vs_ma50": 2.2543932889352885
      },
      "score": 73.0,
      "timestamp": "2025-11-07T01:52:24.625013",
      "prediction": "HOLD",
      "confidence": 49.0,
      "expected_return": 1.9256987574950435,
      "components": {
        "lstm": {
          "direction": 0.0,
          "confidence": 0.0
        },
        "trend": {
          "direction": 1.0,
          "confidence": 1.0
        },
        "technical": {
          "direction": -0.19999999999999998,
          "confidence": 0.7
        },
        "sentiment": {
          "direction": -0.26985277222589366,
          "confidence": 0.9
        }
      },
      "opportunity_score": 57.79,
      "score_breakdown": {
        "prediction_confidence": 24.5,
        "technical_strength": 83.2,
        "spi_alignment": 50.0,
        "liquidity": 60.0,
        "volatility": 100.0,
        "sector_momentum": 73.0,
        "base_total": 57.79
      },
      "score_factors": {
        "adjustments": {
          "penalties": [],
          "bonuses": [],
          "total_adjustment": 0
        },
        "prediction": "HOLD",
        "confidence": 49.0
      }
    },
    {
      "symbol": "APE.AX",
      "name": "Eagers Automotive Limited",
      "price": 32.84000015258789,
      "market_cap": 9104838656,
      "volume": 605387,
      "beta": 0.979,
      "pe_ratio": 42.993332,
      "technical": {
        "ma_20": 32.7185001373291,
        "ma_50": 30.030471534729003,
        "rsi": 54.263572604786,
        "volatility": 0.03538274493088781,
        "price_vs_ma20": 0.37134958738578483,
        "price_vs_ma50": 9.355592750549334
      },
      "score": 71.0,
      "timestamp": "2025-11-07T01:52:24.716642",
      "prediction": "HOLD",
      "confidence": 36.5,
      "expected_return": 0.3236987574950435,
      "components": {
        "lstm": {
          "direction": 0.0,
          "confidence": 0.0
        },
        "trend": {
          "direction": 0.5,
          "confidence": 0.5
        },
        "technical": {
          "direction": 0.06,
          "confidence": 0.7
        },
        "sentiment": {
          "direction": -0.26985277222589366,
          "confidence": 0.9
        }
      },
      "opportunity_score": 54.754999999999995,
      "score_breakdown": {
        "prediction_confidence": 18.25,
        "technical_strength": 88.39999999999999,
        "spi_alignment": 50.0,
        "liquidity": 56.00000000000001,
        "volatility": 85.99999999999999,
        "sector_momentum": 71.0,
        "base_total": 54.754999999999995
      },
      "score_factors": {
        "adjustments": {
          "penalties": [],
          "bonuses": [],
          "total_adjustment": 0
        },
        "prediction": "HOLD",
        "confidence": 36.5
      }
    }
  ],
  "spi_sentiment": {
    "timestamp": "2025-11-07T12:52:18.518046+11:00",
    "asx_200": {
      "available": true,
      "symbol": "^AXJO",
      "last_close": 8816.2998046875,
      "prev_close": 8813.7001953125,
      "change_pct": 0.029495096467912336,
      "five_day_change_pct": 0.029495096467912336,
      "volume": 0,
      "last_updated": "2025-11-07T00:00:00+11:00"
    },
    "us_markets": {
      "SP500": {
        "symbol": "^GSPC",
        "last_close": 6720.31982421875,
        "prev_close": 6771.5498046875,
        "change_pct": -0.7565473480426422,
        "volume": 3602126000,
        "last_updated": "2025-11-06T00:00:00-05:00"
      },
      "Nasdaq": {
        "symbol": "^IXIC",
        "last_close": 23053.9921875,
        "prev_close": 23348.640625,
        "change_pct": -1.2619511441043476,
        "volume": 9990638000,
        "last_updated": "2025-11-06T00:00:00-05:00"
      },
      "Dow": {
        "symbol": "^DJI",
        "last_close": 46912.30078125,
        "prev_close": 47085.23828125,
        "change_pct": -0.36728602490446804,
        "volume": 552155150,
        "last_updated": "2025-11-06T00:00:00-05:00"
      }
    },
    "gap_prediction": {
      "predicted_gap_pct": -0.5397055444517873,
      "confidence": 90,
      "direction": "bearish",
      "us_weighted_change": -0.830316222233519,
      "correlation_used": 0.65,
      "threshold": 0.3
    },
    "sentiment_score": 58.650465045386134,
    "recommendation": {
      "stance": "HOLD",
      "message": "Cautious sentiment. Maintain current positions.",
      "expected_open": "-0.54%",
      "confidence": "90%",
      "risk_level": "LOW"
    },
    "overnight_summary": {
      "generated_at": "2025-11-07 12:52:18 AEDT",
      "market_status": "ASX_OPEN",
      "key_levels": {
        "resistance_1": 8904.46,
        "resistance_2": 8992.63,
        "support_1": 8728.14,
        "support_2": 8639.97,
        "pivot": 8816.3
      }
    }
  },
  "sector_summary": {
    "Financials": {
      "total_stocks": 3,
      "avg_score": 84.66666666666667,
      "max_score": 89.0,
      "min_score": 81.0,
      "avg_market_cap": 180171352746.66666,
      "avg_volume": 3794433.3333333335,
      "top_stock": "ANZ.AX",
      "top_5_stocks": [
        "ANZ.AX",
        "NAB.AX",
        "CBA.AX"
      ]
    }
  },
  "system_stats": {
    "total_scanned": 5,
    "buy_signals": 0,
    "sell_signals": 0,
    "processing_time_seconds": 6,
    "lstm_status": "Not Available"
  }
}