{
  "sectors": {
    "Financials": {
      "description": "Banks, Insurance, Financial Services",
      "weight": 1.2,
      "stocks": [
        "CBA.AX", "WBC.AX", "ANZ.AX", "NAB.AX", "MQG.AX",
        "AMP.AX", "SUN.AX", "QBE.AX", "IAG.AX", "BEN.AX",
        "CIP.AX", "BOQ.AX", "AQG.AX", "PPT.AX", "HUB.AX",
        "AFG.AX", "CPU.AX", "EQT.AX", "AUB.AX", "SDF.AX",
        "NWL.AX", "APE.AX", "BKW.AX", "CHN.AX", "IPP.AX",
        "CLW.AX", "PDL.AX", "PTM.AX", "CQR.AX", "ASX.AX"
      ]
    },
    "Materials": {
      "description": "Mining, Resources, Metals",
      "weight": 1.3,
      "stocks": [
        "BHP.AX", "RIO.AX", "FMG.AX", "MIN.AX", "S32.AX",
        "NCM.AX", "EVN.AX", "NST.AX", "STO.AX", "WDS.AX",
        "IGO.AX", "SFR.AX", "OZL.AX", "AWC.AX", "RRL.AX",
        "WHC.AX", "NHC.AX", "ILU.AX", "ALD.AX", "RED.AX",
        "PLS.AX", "LYC.AX", "ORE.AX", "GOR.AX", "SAR.AX",
        "JHX.AX", "RSG.AX", "WGX.AX", "PNR.AX", "DEG.AX"
      ]
    },
    "Healthcare": {
      "description": "Pharmaceuticals, Medical Devices, Healthcare",
      "weight": 1.1,
      "stocks": [
        "CSL.AX", "COH.AX", "RMD.AX", "SHL.AX", "RHC.AX",
        "FPH.AX", "PME.AX", "SIG.AX", "API.AX", "REG.AX",
        "IVC.AX", "HLS.AX", "AVH.AX", "RMY.AX", "EHL.AX",
        "BOL.AX", "ANN.AX", "IMM.AX", "MVF.AX", "PPH.AX",
        "SOL.AX", "MYX.AX", "RAP.AX", "DHG.AX", "VEI.AX",
        "SRX.AX", "CAJ.AX", "PRU.AX", "ONT.AX", "CGS.AX"
      ]
    },
    "Technology": {
      "description": "IT Services, Software, Fintech",
      "weight": 1.4,
      "stocks": [
        "XRO.AX", "WTC.AX", "CPU.AX", "NXT.AX", "APX.AX",
        "TNE.AX", "WEB.AX", "MP1.AX", "ALU.AX", "ARB.AX",
        "IRI.AX", "DTL.AX", "RUL.AX", "BET.AX", "ALC.AX",
        "KMD.AX", "PPS.AX", "CLV.AX", "N1H.AX", "360.AX",
        "AD8.AX", "ACW.AX", "ZIP.AX", "LNK.AX", "TRS.AX",
        "SPL.AX", "GDI.AX", "VEE.AX", "AUP.AX", "TYR.AX"
      ]
    },
    "Energy": {
      "description": "Oil, Gas, Renewables",
      "weight": 1.2,
      "stocks": [
        "ORG.AX", "STO.AX", "WDS.AX", "WHC.AX", "NHC.AX",
        "BPT.AX", "COE.AX", "BRU.AX", "SXY.AX", "NWH.AX",
        "CVN.AX", "CTP.AX", "DLS.AX", "STX.AX", "JHX.AX",
        "GEN.AX", "WPL.AX", "WOR.AX", "AGL.AX", "ORG.AX",
        "PLS.AX", "LKE.AX", "AGY.AX", "INR.AX", "AVZ.AX",
        "SYA.AX", "CXO.AX", "LPI.AX", "ESS.AX", "VUL.AX"
      ]
    },
    "Industrials": {
      "description": "Infrastructure, Transportation, Construction",
      "weight": 1.0,
      "stocks": [
        "TCL.AX", "QAN.AX", "AZJ.AX", "REH.AX", "ASB.AX",
        "DOW.AX", "BLD.AX", "DMP.AX", "CSR.AX", "BSL.AX",
        "ABC.AX", "JBH.AX", "HVN.AX", "SUL.AX", "BXB.AX",
        "CWY.AX", "GTK.AX", "TNE.AX", "LLC.AX", "SIQ.AX",
        "NWL.AX", "CDD.AX", "ACR.AX", "ALX.AX", "DUR.AX",
        "FDV.AX", "BAP.AX", "CLH.AX", "SEK.AX", "AIS.AX"
      ]
    },
    "Consumer_Staples": {
      "description": "Retail, Food & Beverage, Consumer Goods",
      "weight": 1.0,
      "stocks": [
        "WES.AX", "WOW.AX", "COL.AX", "EDV.AX", "A2M.AX",
        "BKL.AX", "BGA.AX", "CCL.AX", "GNC.AX", "TWE.AX",
        "TAH.AX", "SWM.AX", "BUB.AX", "MGC.AX", "BAL.AX",
        "ING.AX", "LOV.AX", "BRG.AX", "DMP.AX", "JBH.AX",
        "HVN.AX", "KGN.AX", "MYX.AX", "SUL.AX", "PBH.AX",
        "NAN.AX", "BGA.AX", "FNP.AX", "FBU.AX", "SGM.AX"
      ]
    },
    "Real_Estate": {
      "description": "REITs, Property Development",
      "weight": 0.9,
      "stocks": [
        "GMG.AX", "SCG.AX", "GPT.AX", "VCX.AX", "CHC.AX",
        "MGR.AX", "DXS.AX", "BWP.AX", "CQR.AX", "CLW.AX",
        "URW.AX", "NSR.AX", "SCP.AX", "CMW.AX", "GOZ.AX",
        "360.AX", "HMC.AX", "CIP.AX", "LIC.AX", "AVJ.AX",
        "AX1.AX", "SGP.AX", "LLC.AX", "CDI.AX", "ABP.AX",
        "HPI.AX", "HDN.AX", "BWR.AX", "AOF.AX", "SUP.AX"
      ]
    }
  },
  "selection_criteria": {
    "min_market_cap": 500000000,
    "min_avg_volume": 500000,
    "min_price": 0.50,
    "max_price": 500.00,
    "beta_min": 0.5,
    "beta_max": 2.5,
    "max_volatility": 0.5
  },
  "metadata": {
    "last_updated": "2025-11-06",
    "total_stocks": 240,
    "sectors_count": 8,
    "stocks_per_sector": 30,
    "market": "ASX",
    "version": "1.0"
  }
}
