{
  "sectors": {
    "Financials": {
      "description": "Banks, Insurance, Financial Services",
      "weight": 1.2,
      "stocks": [
        "CBA.AX", "WBC.AX", "ANZ.AX", "NAB.AX", "MQG.AX"
      ]
    },
    "Materials": {
      "description": "Mining, Resources, Metals",
      "weight": 1.3,
      "stocks": [
        "BHP.AX", "RIO.AX", "FMG.AX", "MIN.AX", "S32.AX"
      ]
    },
    "Healthcare": {
      "description": "Pharmaceuticals, Medical Devices, Healthcare",
      "weight": 1.1,
      "stocks": [
        "CSL.AX", "COH.AX", "RMD.AX", "SHL.AX", "RHC.AX"
      ]
    },
    "Technology": {
      "description": "IT Services, Software, Fintech",
      "weight": 1.4,
      "stocks": [
        "XRO.AX", "WTC.AX", "CPU.AX", "NXT.AX", "APX.AX"
      ]
    },
    "Energy": {
      "description": "Oil, Gas, Renewables",
      "weight": 1.2,
      "stocks": [
        "ORG.AX", "STO.AX", "WDS.AX", "WHC.AX", "NHC.AX"
      ]
    },
    "Industrials": {
      "description": "Infrastructure, Transportation, Construction",
      "weight": 1.0,
      "stocks": [
        "TCL.AX", "QAN.AX", "AZJ.AX", "REH.AX", "ASB.AX"
      ]
    },
    "Consumer_Staples": {
      "description": "Retail, Food & Beverage, Consumer Goods",
      "weight": 1.0,
      "stocks": [
        "WES.AX", "WOW.AX", "COL.AX", "EDV.AX", "A2M.AX"
      ]
    },
    "Real_Estate": {
      "description": "REITs, Property Development",
      "weight": 0.9,
      "stocks": [
        "GMG.AX", "SCG.AX", "GPT.AX", "VCX.AX", "CHC.AX"
      ]
    }
  },
  "selection_criteria": {
    "min_market_cap": 500000000,
    "min_avg_volume": 500000,
    "min_price": 0.50,
    "max_price": 500.00,
    "beta_min": 0.5,
    "beta_max": 2.5,
    "max_volatility": 0.5
  },
  "metadata": {
    "last_updated": "2025-11-08",
    "total_stocks": 40,
    "sectors_count": 8,
    "stocks_per_sector": 5,
    "market": "ASX",
    "version": "1.0-fast",
    "note": "Reduced ticker list for Alpha Vantage API (500 req/day limit)"
  }
}
