{
  "sectors": {
    "Financials": {
      "description": "Banks, Insurance, Financial Services",
      "weight": 1.2,
      "stocks": [
        "JPM", "BAC", "WFC", "C", "GS",
        "MS", "BLK", "SCHW", "USB", "PNC",
        "TFC", "COF", "AXP", "BK", "STT",
        "DFS", "SYF", "FITB", "KEY", "RF",
        "CFG", "HBAN", "MTB", "CMA", "ZION",
        "FRC", "ALLY", "NYCB", "WTFC", "SIVB"
      ]
    },
    "Materials": {
      "description": "Mining, Metals, Chemicals, Materials",
      "weight": 1.3,
      "stocks": [
        "LIN", "APD", "SHW", "ECL", "FCX",
        "NEM", "DD", "DOW", "PPG", "NUE",
        "ALB", "VMC", "MLM", "CTVA", "IFF",
        "EMN", "CE", "FMC", "MOS", "CF",
        "SEE", "AVY", "IP", "PKG", "WRK",
        "CCK", "AMCR", "CLF", "STLD", "RS"
      ]
    },
    "Healthcare": {
      "description": "Pharmaceuticals, Biotechnology, Medical Devices",
      "weight": 1.1,
      "stocks": [
        "UNH", "JNJ", "LLY", "PFE", "ABBV",
        "TMO", "ABT", "MRK", "DHR", "BMY",
        "AMGN", "GILD", "CVS", "ISRG", "CI",
        "REGN", "VRTX", "ZTS", "HCA", "ELV",
        "BIIB", "SYK", "BSX", "ILMN", "EW",
        "IDXX", "RMD", "A", "ALGN", "DGX"
      ]
    },
    "Technology": {
      "description": "Software, Hardware, Semiconductors, IT Services",
      "weight": 1.4,
      "stocks": [
        "AAPL", "MSFT", "NVDA", "GOOGL", "META",
        "TSLA", "AVGO", "ORCL", "CSCO", "ADBE",
        "CRM", "ACN", "AMD", "INTC", "IBM",
        "QCOM", "TXN", "AMAT", "MU", "LRCX",
        "KLAC", "SNPS", "CDNS", "MCHP", "ADI",
        "NXPI", "MRVL", "NOW", "INTU", "PLTR"
      ]
    },
    "Energy": {
      "description": "Oil, Gas, Renewables, Energy Equipment",
      "weight": 1.2,
      "stocks": [
        "XOM", "CVX", "COP", "SLB", "EOG",
        "MPC", "PSX", "VLO", "PXD", "OXY",
        "HAL", "WMB", "KMI", "OKE", "HES",
        "BKR", "FANG", "DVN", "MRO", "APA",
        "CTRA", "EQT", "TRGP", "LNG", "FTI",
        "NOV", "CHK", "RIG", "HP", "OVV"
      ]
    },
    "Industrials": {
      "description": "Manufacturing, Transportation, Construction, Aerospace",
      "weight": 1.0,
      "stocks": [
        "BA", "HON", "UPS", "RTX", "UNP",
        "CAT", "DE", "GE", "LMT", "MMM",
        "GD", "NOC", "FDX", "NSC", "CSX",
        "WM", "EMR", "ITW", "ETN", "PH",
        "PCAR", "TT", "CMI", "ROK", "CARR",
        "OTIS", "AME", "FAST", "VRSK", "IEX"
      ]
    },
    "Consumer_Discretionary": {
      "description": "Retail, Automotive, Consumer Services, E-Commerce",
      "weight": 1.0,
      "stocks": [
        "AMZN", "HD", "MCD", "NKE", "SBUX",
        "LOW", "TJX", "TGT", "BKNG", "ABNB",
        "GM", "F", "CMG", "MAR", "YUM",
        "ORLY", "AZO", "RCL", "CCL", "NCLH",
        "DHI", "LEN", "PHM", "DPZ", "ROST",
        "ULTA", "DG", "DLTR", "BBY", "EBAY"
      ]
    },
    "Consumer_Staples": {
      "description": "Food, Beverage, Household Products, Retail",
      "weight": 1.0,
      "stocks": [
        "PG", "KO", "PEP", "COST", "WMT",
        "PM", "MO", "CL", "MDLZ", "KMB",
        "GIS", "KHC", "K", "HSY", "SJM",
        "CPB", "CAG", "CLX", "CHD", "TSN",
        "HRL", "TAP", "STZ", "BF.B", "KDP",
        "MNST", "KR", "SYY", "ADM", "BG"
      ]
    }
  },
  "selection_criteria": {
    "min_market_cap": 2000000000,
    "min_avg_volume": 1000000,
    "min_price": 5.00,
    "max_price": 1000.00,
    "beta_min": 0.5,
    "beta_max": 2.5,
    "max_volatility": 0.5
  },
  "metadata": {
    "last_updated": "2025-11-21",
    "total_stocks": 240,
    "sectors_count": 8,
    "stocks_per_sector": 30,
    "market": "US",
    "version": "1.0",
    "notes": "Major US stocks across key sectors, optimized for screening pipeline"
  }
}
