{
  "start_time": "2025-11-10T11:15:17.787190+11:00",
  "end_time": null,
  "duration_seconds": null,
  "spi_sentiment": {
    "timestamp": "2025-11-10T11:15:18.199638+11:00",
    "asx_200": {
      "available": true,
      "symbol": "^AXJO",
      "last_close": 8790.599609375,
      "prev_close": 8769.7001953125,
      "change_pct": 0.23831389439824824,
      "five_day_change_pct": -0.26209861267786116,
      "volume": 0,
      "last_updated": "2025-11-10T00:00:00+11:00"
    },
    "us_markets": {
      "SP500": {
        "symbol": "^GSPC",
        "last_close": 6728.7998046875,
        "prev_close": 6720.31982421875,
        "change_pct": 0.12618418007711132,
        "volume": 5926070000,
        "last_updated": "2025-11-07T00:00:00-05:00"
      },
      "Nasdaq": {
        "symbol": "^IXIC",
        "last_close": 23004.5390625,
        "prev_close": 23053.990234375,
        "change_pct": -0.21450157379378554,
        "volume": 10141910000,
        "last_updated": "2025-11-07T00:00:00-05:00"
      },
      "Dow": {
        "symbol": "^DJI",
        "last_close": 46987.1015625,
        "prev_close": 46912.30078125,
        "change_pct": 0.15944811915917909,
        "volume": 591090000,
        "last_updated": "2025-11-07T00:00:00-05:00"
      }
    },
    "gap_prediction": {
      "predicted_gap_pct": 0.019910307125966285,
      "confidence": 60,
      "direction": "neutral",
      "us_weighted_change": 0.030631241732255822,
      "correlation_used": 0.65,
      "threshold": 0.3
    },
    "sentiment_score": 47.30739558220587,
    "recommendation": {
      "stance": "NEUTRAL",
      "message": "Mixed signals. Wait for market direction.",
      "expected_open": "+0.02%",
      "confidence": "60%",
      "risk_level": "MEDIUM"
    },
    "overnight_summary": {
      "generated_at": "2025-11-10 11:15:18 AEDT",
      "market_status": "ASX_OPEN",
      "key_levels": {
        "resistance_1": 8878.51,
        "resistance_2": 8966.41,
        "support_1": 8702.69,
        "support_2": 8614.79,
        "pivot": 8790.6
      }
    }
  },
  "report_path": "reports/morning_reports/2025-11-10_market_report.html",
  "statistics": {},
  "errors": [],
  "warnings": [],
  "top_opportunities": [
    {
      "symbol": "NXT.AX",
      "name": "NXT.AX",
      "opportunity_score": 71.672,
      "prediction": "BUY",
      "confidence": 60.699999999999996
    },
    {
      "symbol": "WBC.AX",
      "name": "WBC.AX",
      "opportunity_score": 69.83200000000001,
      "prediction": "BUY",
      "confidence": 60.699999999999996
    }
  ]
}