symbol,entry_date,exit_date,entry_price,exit_price,shares,pnl,pnl_pct,days_held,exit_reason,result,confidence
NVDA,2025-02-27,2025-02-27,97.2971194951751,125.04837086918789,173.58564716803593,4817.2189294808595,0.28522171589456946,1,TAKE_PROFIT,WIN,0.8894407267529381
CBA.AX,2025-02-27,2025-02-27,85.79088167643091,76.43915702224523,137.84255237526645,-1289.0655954436606,-0.10900604436560835,1,STOP_LOSS,LOSS,0.5148864209004659
WBC.AX,2025-02-28,2025-02-28,98.46086945649101,121.8583130875819,106.0721490771411,2481.8171288610793,0.23763190148782934,1,TAKE_PROFIT,WIN,0.5117702531666497
NAB.AX,2025-02-27,2025-02-28,92.94441328977796,80.67691195509887,174.96332055587774,-2146.362768439114,-0.13198750630048103,2,STOP_LOSS,LOSS,0.6004745270518961
ULVR.L,2025-03-03,2025-03-03,108.97853701078387,93.11364165525417,155.75341252484765,-2471.011590973354,-0.1455781642027346,1,STOP_LOSS,LOSS,0.8836592532849318
ANZ.AX,2025-02-28,2025-03-03,104.94182931595265,129.8231012462869,122.94128333860154,3058.935502212018,0.23709584721858817,2,TAKE_PROFIT,WIN,0.5413707640686005
GOOGL,2025-03-04,2025-03-04,112.06497963921052,93.53537866034749,147.83473438770662,-2739.3186390204046,-0.1653469356664184,1,STOP_LOSS,LOSS,0.8839875900219748
DGE.L,2025-03-04,2025-03-04,101.09686625297687,83.47952603972871,150.91343434174462,-2658.693315548204,-0.17426198126818207,1,STOP_LOSS,LOSS,0.6579018985296816
WOW.AX,2025-03-03,2025-03-04,118.4788627406279,113.55349762584657,153.97304147408244,-758.373447093225,-0.04157167785754212,2,STOP_LOSS,LOSS,0.7522060193795193
MQG.AX,2025-03-05,2025-03-05,109.95026358538951,84.80325214853838,99.56207746528654,-2503.688700696219,-0.2287126071082265,1,STOP_LOSS,LOSS,0.6734399864088727
JPM,2025-03-06,2025-03-06,88.2987079791351,101.952777945931,145.2815768062328,1983.684814598735,0.15463499160171565,1,TAKE_PROFIT,WIN,0.8343493883931808
BARC.L,2025-03-07,2025-03-07,104.72480672789149,86.02351663562311,101.56192564202962,-1899.3390337609853,-0.17857555126227442,1,STOP_LOSS,LOSS,0.6589899078682495
VOD.L,2025-03-05,2025-03-07,108.76685945352504,104.33631277573524,210.19363593932425,-931.272715403531,-0.04073434408284008,3,STOP_LOSS,LOSS,0.8803450899104183
MSFT,2025-03-05,2025-03-10,92.59146652409434,91.80458753880436,160.9894098373826,-126.67918345527323,-0.008498396394717674,4,STOP_LOSS,LOSS,0.7404358436781165
CSL.AX,2025-03-10,2025-03-11,83.70193690405938,71.81161289431641,174.1028654933236,-2070.139481740316,-0.14205554195683506,2,STOP_LOSS,LOSS,0.6782888212423792
AAPL,2025-03-12,2025-03-12,99.01490045881441,123.02622805864821,155.35859471374764,3730.366113121603,0.242502163700315,1,TAKE_PROFIT,WIN,0.8615182876396156
VOD.L,2025-03-10,2025-03-12,98.85443926786083,97.84439086441478,96.75024278266574,-97.72242825564899,-0.010217532069644044,3,STOP_LOSS,LOSS,0.5343801974664271
RIO.AX,2025-03-11,2025-03-13,105.8733649413266,99.25810006564585,148.0955607569282,-979.691361319552,-0.062482805560650986,3,STOP_LOSS,LOSS,0.837332922731642
GSK.L,2025-03-13,2025-03-14,90.40861772401259,78.55607704715962,165.23993371407465,-1958.5130357865564,-0.13109967805320086,2,STOP_LOSS,LOSS,0.8795076231044775
RIO.AX,2025-03-13,2025-03-17,100.38394857952142,83.7920649510703,163.49914577300237,-2712.75880001682,-0.16528422983189864,3,STOP_LOSS,LOSS,0.7635063437207916
BP.L,2025-03-18,2025-03-19,109.48143078356553,103.75895363060425,126.77799320393238,-725.484169607782,-0.0522689291873986,2,STOP_LOSS,LOSS,0.7445174019751082
BP.L,2025-03-17,2025-03-19,113.93558725592695,116.71967846571978,87.03578279543129,242.31555781819952,0.024435659453258454,3,STOP_LOSS,WIN,0.5501380386553437
JNJ,2025-03-20,2025-03-20,89.74937147114169,67.04111473539423,215.41381907955468,-4891.672308086381,-0.25301856005809625,1,STOP_LOSS,LOSS,0.9250558218881932
SHEL.L,2025-03-14,2025-03-20,99.78284926361441,119.97047432181878,109.58643977619691,2212.2899576653563,0.20231558035460645,5,TAKE_PROFIT,WIN,0.6329065894861002
ANZ.AX,2025-03-21,2025-03-21,82.8997339701873,72.14096968552397,144.77113077784466,-1557.5584712629989,-0.12978044403052527,1,STOP_LOSS,LOSS,0.6091200067048865
WOW.AX,2025-03-21,2025-03-24,105.44659242430234,99.16252710167376,104.60472260652807,-657.3429099148652,-0.059594769049931766,2,STOP_LOSS,LOSS,0.6752910999845999
RIO.AX,2025-03-20,2025-03-25,105.59738396404079,143.84128367354103,139.52465601962618,5335.966951817101,0.36216711317889727,4,TAKE_PROFIT,WIN,0.9325875338701307
AZN.L,2025-03-24,2025-03-26,105.91809604060326,105.997685881605,94.08037446735756,7.487842045240541,0.0007514281692830195,3,STOP_LOSS,WIN,0.6116123815961949
ULVR.L,2025-03-27,2025-03-27,105.67621413605843,89.15521136847629,102.91383451261805,-1700.2397448054544,-0.1563360582383403,1,STOP_LOSS,LOSS,0.5553651076534991
BP.L,2025-03-26,2025-03-27,96.99849254592539,94.74523402751707,108.46350325415004,-244.39631264382115,-0.02322983027124336,2,STOP_LOSS,LOSS,0.5311827773052656
NVDA,2025-03-25,2025-03-27,118.66656340104333,106.0170308746349,70.05797923703798,-886.2006870933583,-0.10659727697395519,3,STOP_LOSS,LOSS,0.49826276942501757
RIO.AX,2025-03-28,2025-04-01,99.66912828295763,79.11355708704899,130.68811141449248,-2686.3687786394403,-0.2062380954868191,3,STOP_LOSS,LOSS,0.7762302826555895
MSFT,2025-03-28,2025-04-01,84.57711563297441,76.01864121254457,147.07083291957937,-1258.7019615335303,-0.10119137258794281,3,STOP_LOSS,LOSS,0.6090188320649562
AZN.L,2025-03-28,2025-04-01,106.94378210340716,102.80949806594305,115.6260815627674,-478.0310633194731,-0.038658479774602995,3,STOP_LOSS,LOSS,0.5129341677645571
RIO.AX,2025-04-02,2025-04-02,123.70568814024845,111.33015923546316,98.42572273368113,-1218.0703766650531,-0.10004009589886294,1,STOP_LOSS,LOSS,0.6723063783545482
BARC.L,2025-04-03,2025-04-03,107.66596126013332,95.43281077476479,87.40207969988872,-1069.2027937029125,-0.11362133716348692,1,STOP_LOSS,LOSS,0.6628955606401894
DGE.L,2025-04-02,2025-04-04,101.66306040713197,97.58064773247565,157.520269544654,-643.0627449043732,-0.04015630316761458,3,STOP_LOSS,LOSS,0.717675608234244
WES.AX,2025-04-07,2025-04-07,104.06009348325391,70.01262677251232,139.55926525516819,-4751.639437950895,-0.3271904297896941,1,STOP_LOSS,LOSS,0.9207113011511423
VOD.L,2025-04-04,2025-04-07,89.18780580738583,93.48644009141958,81.38833808187648,349.8587003992834,0.04819755621432459,2,STOP_LOSS,WIN,0.511278136662054
WES.AX,2025-04-02,2025-04-07,105.92814338272954,108.5977928467214,126.58912522974768,337.94859031679334,0.02520245686121513,4,STOP_LOSS,WIN,0.9207838940540805
ULVR.L,2025-04-08,2025-04-08,109.00885807816053,133.07326979749382,158.8162403118374,3821.8193945806343,0.22075647927693054,1,TAKE_PROFIT,WIN,0.8558464937717697
JNJ,2025-04-09,2025-04-09,93.30468373611596,81.85555687935782,134.99952095740178,-1545.6266410428725,-0.12270688242337899,1,STOP_LOSS,LOSS,0.7276821164913392
WOW.AX,2025-04-08,2025-04-09,98.19501676407545,94.77975284219754,75.43032588578664,-257.6144706132209,-0.03478041996859647,2,STOP_LOSS,LOSS,0.5302432239586674
SHEL.L,2025-04-08,2025-04-10,111.47263937239032,112.01452098340816,72.4337198371308,39.250500797359564,0.004861117616562486,3,STOP_LOSS,WIN,0.496166571439987
MQG.AX,2025-04-11,2025-04-11,105.64951762090718,94.01896773201005,121.44832727885886,-1412.5108293398735,-0.11008616178097469,1,STOP_LOSS,LOSS,0.9271957380503151
AAPL,2025-04-10,2025-04-11,95.16329436492445,90.35751826804952,151.46623824863562,-727.9128272588569,-0.05050031242556752,2,STOP_LOSS,LOSS,0.9301802405374249
JNJ,2025-04-10,2025-04-11,102.65867065959102,92.53537687800069,112.69917006693684,-1140.8868075290138,-0.09861119101335798,2,STOP_LOSS,LOSS,0.6074401090917951
AAPL,2025-04-14,2025-04-14,98.5713097416647,121.03962689688238,92.33227243833136,2074.550780806392,0.22793972418650565,1,TAKE_PROFIT,WIN,0.5295877501195753
BHP.AX,2025-04-14,2025-04-15,116.41556622848141,96.30390556803351,83.13734333105911,-1672.0300372854126,-0.17275748692383655,2,STOP_LOSS,LOSS,0.6707819158173777
VOD.L,2025-04-14,2025-04-16,107.45128907429529,135.33992675618316,115.50801437235047,3221.3611621847795,0.2595467948514305,3,TAKE_PROFIT,WIN,0.6099764415980088
GOOGL,2025-04-15,2025-04-17,101.89849259014065,110.5363368855646,119.11976764996916,1028.9380054675112,0.08476910772534536,3,STOP_LOSS,WIN,0.8294405673155625
VOD.L,2025-04-17,2025-04-18,118.71829300050383,94.71961679795184,97.13256319484375,-2331.052932836974,-0.20214809020586355,2,STOP_LOSS,LOSS,0.7355960913671271
SHEL.L,2025-04-21,2025-04-21,105.02422723968246,127.7435302486863,89.84682214116287,2041.257176621155,0.21632440062762548,1,TAKE_PROFIT,WIN,0.6163950873778126
AMZN,2025-04-18,2025-04-22,82.97535671210252,69.6700627399307,155.5953687085773,-2070.2421213760845,-0.16035235640308065,3,STOP_LOSS,LOSS,0.8057158259797574
SHEL.L,2025-04-22,2025-04-23,99.29130556748974,70.0246152277698,121.73388452105873,-3562.747902129053,-0.2947558214936246,2,STOP_LOSS,LOSS,0.7739218303702085
CBA.AX,2025-04-16,2025-04-23,122.6492509873014,114.07124081465244,65.18882606507998,-559.1904131292995,-0.06993936044123977,6,STOP_LOSS,LOSS,0.5761452248666535
V,2025-04-24,2025-04-24,108.81079657598647,79.76632796982939,111.58995160050144,-3241.0708460233527,-0.2669263484885371,1,STOP_LOSS,LOSS,0.7714012843780635
NVDA,2025-04-23,2025-04-24,96.82150292367146,123.25449956102055,147.3380614840676,3894.586483761892,0.2730075018375551,2,TAKE_PROFIT,WIN,0.9435205515372218
ULVR.L,2025-04-25,2025-04-28,109.77556460314857,105.4219688307146,129.45295125004023,-563.5858212912754,-0.03965906063132283,2,STOP_LOSS,LOSS,0.8415624337104912
RIO.AX,2025-04-24,2025-04-28,95.289510198452,120.44048910888618,108.00203177718936,2716.356823512131,0.26394278717619807,3,TAKE_PROFIT,WIN,0.8261119554557579
GSK.L,2025-04-29,2025-04-30,108.90343421234206,106.33022248211421,117.59650442442802,-302.60070461872965,-0.023628380030794555,2,STOP_LOSS,LOSS,0.7221879175372378
AZN.L,2025-04-25,2025-04-30,88.21889533970219,79.94333191090234,111.78237089207576,-925.0621005390021,-0.09380715318337808,4,STOP_LOSS,LOSS,0.746135335896021
CSL.AX,2025-05-01,2025-05-01,104.23238977983941,93.07981068804122,82.75400170636249,-922.9205491930097,-0.10699725023435389,1,STOP_LOSS,LOSS,0.5678410374872963
BHP.AX,2025-04-29,2025-05-01,93.00465945516339,96.74596974229998,113.2358965419395,423.65062460549234,0.04022712742623646,3,STOP_LOSS,WIN,0.7369145808401554
V,2025-05-02,2025-05-02,105.3818183767281,138.44162378028642,138.5246812030156,4579.599004161648,0.3137145089428353,1,TAKE_PROFIT,WIN,0.8363916656120565
JPM,2025-05-01,2025-05-02,89.39636903685181,80.10977612411789,96.17852768989196,-893.1708336021347,-0.10388109732852487,2,STOP_LOSS,LOSS,0.4836914904919171
BARC.L,2025-05-05,2025-05-05,113.04258184176807,95.29802472653495,97.28989721278093,-1726.36613782735,-0.15697232694199384,1,STOP_LOSS,LOSS,0.5716306411154576
JNJ,2025-05-02,2025-05-05,106.20467620452392,111.68967626789922,69.60480709248385,381.7823713134994,0.051645560811395416,2,STOP_LOSS,WIN,0.5266492082254726
SHEL.L,2025-05-06,2025-05-06,130.34261823184363,114.56382158798112,71.37358909649524,-1126.1893480961999,-0.12105631187948336,1,STOP_LOSS,LOSS,0.6539542545729511
AAPL,2025-05-05,2025-05-06,113.27951496674626,135.23579856027519,101.21924345118092,2222.398414336574,0.19382395484280016,2,TAKE_PROFIT,WIN,0.7173436973185023
ANZ.AX,2025-05-06,2025-05-07,101.08670679854394,99.93500396451975,123.54023974733234,-142.28164423303133,-0.011393217471407285,2,STOP_LOSS,LOSS,0.714395880323282
META,2025-05-08,2025-05-08,84.74025660355058,71.85767102451688,126.57245207007989,-1630.580445740945,-0.1520243871729546,1,STOP_LOSS,LOSS,0.7232459604746926
JPM,2025-05-07,2025-05-09,90.59717888852099,104.99273866275732,125.12917217593744,1801.3044775594171,0.1588963359659349,3,TAKE_PROFIT,WIN,0.782410467498438
WES.AX,2025-05-07,2025-05-09,96.82528206454563,91.97603622987108,113.07970311864045,-548.3512793343016,-0.05008243437330701,3,STOP_LOSS,LOSS,0.6194186042452934
WES.AX,2025-05-12,2025-05-12,105.72138719573901,140.58738163972103,144.8881248983363,5051.668557704366,0.32979130683774516,1,TAKE_PROFIT,WIN,0.828960135735282
TSLA,2025-05-12,2025-05-13,115.83241118155318,134.07695688947277,97.38153547468843,1776.6818750753464,0.1575081233466123,2,TAKE_PROFIT,WIN,0.779546860365508
JPM,2025-05-09,2025-05-13,97.08091077424768,98.6391489844055,79.14566436713125,123.32779838518945,0.016050922861460832,3,STOP_LOSS,WIN,0.5206949549884848
AAPL,2025-05-14,2025-05-14,103.5349569790132,91.90399767521905,98.65800346965112,-1147.487223349095,-0.11233847623225249,1,STOP_LOSS,LOSS,0.657112655604555
META,2025-05-14,2025-05-15,100.21269851439199,94.63046008989727,152.62570118000627,-851.9930536924803,-0.05570390287108207,2,STOP_LOSS,LOSS,0.7872033968127826
WES.AX,2025-05-13,2025-05-15,92.37014733045208,98.26846908822263,121.97708092787734,719.4600703862379,0.06385528147605349,3,STOP_LOSS,WIN,0.6599546006053489
WBC.AX,2025-05-16,2025-05-16,97.1502317766291,117.36674576175123,98.92106556188088,1999.8391053549494,0.20809537574346296,1,TAKE_PROFIT,WIN,0.5513491805526325
MQG.AX,2025-05-19,2025-05-19,94.38431376607028,79.077364387166,173.96441794073496,-2662.8645391493756,-0.16217683604547098,1,STOP_LOSS,LOSS,0.9462672606430509
BHP.AX,2025-05-16,2025-05-19,101.63055721805661,88.62798442387242,110.733910964337,-1439.8257380985033,-0.12793959956635995,2,STOP_LOSS,LOSS,0.5487876074990056
WBC.AX,2025-05-15,2025-05-19,102.95690561623506,95.8348273154818,76.59098102187919,-545.4869639693306,-0.06917533368087353,3,STOP_LOSS,LOSS,0.5069469536681638
TSLA,2025-05-20,2025-05-21,113.96521952342034,111.7047006039966,98.14613742930928,-221.8612005273153,-0.01983516487641377,2,STOP_LOSS,LOSS,0.9290483654505324
GOOGL,2025-05-20,2025-05-21,97.45985862365619,117.11694810816648,150.85576634397324,2965.385298277859,0.2016942130032906,2,TAKE_PROFIT,WIN,0.9236543912555301
GOOGL,2025-05-20,2025-05-21,102.57862812014022,104.5528644539719,195.11516110585939,385.20344033660876,0.019246078544932852,2,STOP_LOSS,WIN,0.9455619677922834
LGEN.L,2025-05-22,2025-05-22,111.159669952267,142.75266847424703,143.18012762153216,4523.489560323978,0.28421277730984956,1,TAKE_PROFIT,WIN,0.7120328619814351
CBA.AX,2025-05-23,2025-05-23,129.87003461025716,175.73813839926927,124.56362878199248,5713.497453308406,0.35318465823670014,1,TAKE_PROFIT,WIN,0.9390042175134204
BHP.AX,2025-05-22,2025-05-23,104.20225401158456,124.50158371277675,104.28672138637941,2116.950540878486,0.19480701155404406,2,TAKE_PROFIT,WIN,0.5927430487812342
VOD.L,2025-05-22,2025-05-26,92.17285133954732,91.70265815147891,127.72756396258043,-60.05663050377734,-0.00510121127029375,3,STOP_LOSS,LOSS,0.7796488631673604
V,2025-05-26,2025-05-27,102.6104175935998,129.29959853851472,126.3942620201439,3373.359329454608,0.26010205952596793,2,TAKE_PROFIT,WIN,0.5666704076650418
JNJ,2025-05-27,2025-05-28,105.62617334968466,134.71418198068892,100.85375327895956,2933.6348458475495,0.275386371659095,2,TAKE_PROFIT,WIN,0.5387688897812348
RIO.AX,2025-05-26,2025-05-28,106.84540536616132,90.43331583864318,98.2292769057257,-1612.1476868001391,-0.15360594563026433,3,STOP_LOSS,LOSS,0.5399928885423105
META,2025-05-28,2025-05-29,101.28803100225358,98.4689304468991,182.58864867656015,-514.7357608855164,-0.02783251414268055,2,STOP_LOSS,LOSS,0.8976435788586256
GSK.L,2025-05-29,2025-05-30,104.99004539710582,83.83881979536028,166.5884260267733,-3523.5493815319805,-0.20145934332864476,2,STOP_LOSS,LOSS,0.80277257066237
HSBA.L,2025-06-02,2025-06-02,119.97174782014741,152.68365628463062,101.10585084329541,3307.365338009571,0.2726634316732838,1,TAKE_PROFIT,WIN,0.6703418638397616
AZN.L,2025-05-30,2025-06-02,119.02744774515673,108.46155424439193,141.6513877016926,-1496.6734766916288,-0.08876854625486774,2,STOP_LOSS,LOSS,0.9100246486584525
V,2025-05-29,2025-06-02,94.23013318304858,81.64822395822512,130.29998942000853,-1639.4226388780044,-0.13352320324521058,3,STOP_LOSS,LOSS,0.710862751666625
V,2025-06-03,2025-06-04,118.33053030096056,92.05919439144519,129.82997777518108,-3410.8069572566983,-0.22201654841482713,2,STOP_LOSS,LOSS,0.8566643671400113
HSBA.L,2025-06-05,2025-06-05,104.9053598910199,93.45245435026636,139.48155993537765,-1597.4691306168334,-0.10917369286613475,1,STOP_LOSS,LOSS,0.8593134041992827
AAPL,2025-06-03,2025-06-05,98.48151673779299,84.3342144775463,156.01758792743968,-2207.227974324105,-0.14365439047729012,3,STOP_LOSS,LOSS,0.6892072915066254
WOW.AX,2025-06-03,2025-06-05,121.10996254656699,126.38846294136673,111.66387024400704,589.4177831678571,0.043584361548870416,3,STOP_LOSS,WIN,0.5096019307331401
CSL.AX,2025-06-06,2025-06-06,130.39873488001393,116.96809857670932,167.13707158414005,-2244.757221245971,-0.10299667642989609,1,STOP_LOSS,LOSS,0.9182143899307246
GSK.L,2025-06-09,2025-06-09,105.3718154009592,135.91338366732754,103.87454547229636,3172.49152168012,0.28984570636988666,1,TAKE_PROFIT,WIN,0.6261245563351487
GOOGL,2025-06-06,2025-06-09,95.06164568445196,123.0551145735591,147.1360859993632,4118.849445888163,0.2944770068680355,2,TAKE_PROFIT,WIN,0.895205817108109
NAB.AX,2025-06-06,2025-06-09,93.47238738305296,87.09919209338995,96.86308702116139,-617.327369945484,-0.06818265231148364,2,STOP_LOSS,LOSS,0.4806748569592393
AAPL,2025-06-10,2025-06-10,107.03401515222045,87.60723607839599,102.18546465991069,-1985.134446504182,-0.18150098402079284,1,STOP_LOSS,LOSS,0.7358749526990156
TSLA,2025-06-10,2025-06-10,91.58147278168315,72.3392476612528,167.69688916583826,-3226.861293324917,-0.21011045723517685,1,STOP_LOSS,LOSS,0.8149010070060934
WBC.AX,2025-06-10,2025-06-10,82.80955260249185,95.73948373178465,283.07879718297386,3660.189351738896,0.1561405746431206,1,TAKE_PROFIT,WIN,0.9425630311294345
RIO.AX,2025-06-11,2025-06-11,114.11946701101178,71.91693147416446,81.186641841611,-3426.2821374378846,-0.36981013530999984,1,STOP_LOSS,LOSS,0.5278531819067348
ANZ.AX,2025-06-11,2025-06-11,109.56891335370469,140.94113175406065,158.28044366627537,4965.6086472036295,0.28632408080092747,1,TAKE_PROFIT,WIN,0.6965831038248138
BHP.AX,2025-06-11,2025-06-12,104.87947918052033,92.82971241930981,109.08598698785597,-1314.4607001201093,-0.11489155796121232,2,STOP_LOSS,LOSS,0.5555406525178208
WBC.AX,2025-06-12,2025-06-13,104.00444291334665,76.51610210768767,185.57054974663413,-5101.026514928972,-0.2642996783181794,2,STOP_LOSS,LOSS,0.8799521818582988
WOW.AX,2025-06-16,2025-06-16,110.36112693369053,139.45704654563016,108.08628677929624,3144.8699112834584,0.26364282805322986,1,TAKE_PROFIT,WIN,0.7118650456218669
NVDA,2025-06-13,2025-06-16,93.18075148646295,89.670422347594,154.62526016162965,-542.7855563505618,-0.03767225615666909,2,STOP_LOSS,LOSS,0.8671731547046264
AAPL,2025-06-17,2025-06-17,93.07490018609352,116.36616720352812,139.92965537318983,3259.138966954566,0.2502421917280185,1,TAKE_PROFIT,WIN,0.7253736573310089
GOOGL,2025-06-12,2025-06-17,89.92161533270205,109.38309416850404,122.38431072696729,2381.779673047089,0.21642714895407783,4,TAKE_PROFIT,WIN,0.6408827808568074
NAB.AX,2025-06-18,2025-06-18,113.67423894457367,141.1418282331508,143.7033977893613,3947.185909851196,0.24163424838911837,1,TAKE_PROFIT,WIN,0.8950718149931007
AMZN,2025-06-17,2025-06-18,108.50269874004611,101.8543092007799,114.74613395183677,-762.8769966366326,-0.06127395554643878,2,STOP_LOSS,LOSS,0.5753413655433073
JPM,2025-06-19,2025-06-19,103.63779479396175,85.78790499079284,125.56138727721898,-2241.2569264313734,-0.17223340035993218,1,STOP_LOSS,LOSS,0.7630368294838159
JNJ,2025-06-18,2025-06-19,83.52504976879422,75.2184385721183,175.93118370613848,-1461.3919404178578,-0.09945053872663898,2,STOP_LOSS,LOSS,0.6511325922744624
SHEL.L,2025-06-20,2025-06-23,117.10102202658491,146.38869770657908,113.22888039099568,3316.210726500334,0.2501060637484883,2,TAKE_PROFIT,WIN,0.8730734525911088
VOD.L,2025-06-19,2025-06-23,103.17201863731056,93.02821757959306,201.1449221861752,-2040.3740744266252,-0.09831930393236618,3,STOP_LOSS,LOSS,0.929195790816213
SHEL.L,2025-06-20,2025-06-24,123.39367305160397,99.11048308909483,142.2797452677036,-3455.006082153057,-0.19679444952055009,3,STOP_LOSS,LOSS,0.8861770775763277
V,2025-06-24,2025-06-25,114.41812603186295,104.52576954083956,109.9827025568169,-1087.9881015382234,-0.08645794887663684,2,STOP_LOSS,LOSS,0.5832759459548309
BHP.AX,2025-06-26,2025-06-26,89.89360150385467,112.48832354010845,131.43840538457368,2969.814234552885,0.25134961396874184,1,TAKE_PROFIT,WIN,0.606252987683184
V,2025-06-25,2025-06-26,107.89285103372302,102.1239232557646,104.26409162889173,-601.4920144415155,-0.05346904565674404,2,STOP_LOSS,LOSS,0.5769570221537308
AAPL,2025-06-24,2025-06-26,72.3830294624692,69.47025935108269,127.5365399459834,-371.4846216643109,-0.04024106386562308,3,STOP_LOSS,LOSS,0.5019473216697036
ULVR.L,2025-06-27,2025-06-27,100.94984373716436,86.45161907636715,130.15515921555416,-1887.0187390689334,-0.14361809908834686,1,STOP_LOSS,LOSS,0.5061809571789178
NAB.AX,2025-06-30,2025-06-30,106.34853792899781,95.35219728962612,135.06883543956312,-1485.2629242566745,-0.10339907678574055,1,STOP_LOSS,LOSS,0.8526163489955971
GSK.L,2025-06-27,2025-07-01,100.18295121535725,106.43281719245508,138.5308566418002,865.7992877038032,0.06238452652151227,3,STOP_LOSS,WIN,0.6323529688335953
JPM,2025-07-01,2025-07-02,115.70731384013118,137.61724996211944,125.93348904436228,2759.1947005810853,0.18935653585615567,2,TAKE_PROFIT,WIN,0.8875011174276853
CBA.AX,2025-07-02,2025-07-03,119.72391891433948,105.9921114731876,115.84285679996147,-1590.7318030100014,-0.11469560607163849,2,STOP_LOSS,LOSS,0.8398452661251642
GOOGL,2025-06-27,2025-07-03,78.52785182556354,79.48082355306776,191.94972657785934,182.92266253086382,0.012135461563638327,5,STOP_LOSS,WIN,0.8435313035116829
ANZ.AX,2025-07-03,2025-07-04,98.34149947191855,132.99372676201392,99.41978511205656,3445.116990835424,0.3523662693387173,2,TAKE_PROFIT,WIN,0.5443013912573814
GSK.L,2025-07-04,2025-07-08,100.29310736842295,83.76100960103602,152.92086172475365,-2528.102636706686,-0.16483782586032455,3,STOP_LOSS,LOSS,0.9190580771244915
TSLA,2025-07-04,2025-07-08,93.34317661859369,100.88112907574403,217.0143531979612,1635.8438769254644,0.08075525957243677,3,STOP_LOSS,WIN,0.9196513797770134
HSBA.L,2025-07-09,2025-07-09,108.03394155863933,124.24316800888155,126.77699713146636,2054.957055185647,0.1500382770117119,1,TAKE_PROFIT,WIN,0.7499839101642489
ULVR.L,2025-07-07,2025-07-09,73.1095000788667,70.45628932376927,173.63135207950234,-460.6805707594449,-0.036290916395752805,3,STOP_LOSS,LOSS,0.7797915982554267
AMZN,2025-07-10,2025-07-10,94.85561905211442,82.66957910883502,167.01533074737276,-2035.255491627504,-0.1284693523172759,1,STOP_LOSS,LOSS,0.8970157539607247
CBA.AX,2025-07-10,2025-07-10,129.518046271552,111.86986034764966,122.42346536245954,-2160.552078165105,-0.13626043962167675,1,STOP_LOSS,LOSS,0.7162624369183843
V,2025-07-09,2025-07-10,99.60977014070642,96.78217274434083,147.74296738611844,-417.75762991231386,-0.0283867475285947,2,STOP_LOSS,LOSS,0.657538450308975
VOD.L,2025-07-11,2025-07-11,115.37109451635833,101.70004567897695,114.68131190353571,-1567.8138157682024,-0.11849630875646214,1,STOP_LOSS,LOSS,0.677547210462356
AMZN,2025-07-11,2025-07-11,77.22446095769364,102.32228137319439,260.6866232543273,6542.666055160407,0.32499832442016324,1,TAKE_PROFIT,WIN,0.8170413633028761
ANZ.AX,2025-07-14,2025-07-15,96.40051947825727,120.66670326291066,182.16012912223596,4420.331171516369,0.2517225417040052,2,TAKE_PROFIT,WIN,0.7725657494996991
JPM,2025-07-11,2025-07-15,118.91045733595273,117.45208560451533,104.74956379668423,-152.76380272148162,-0.012264453136506847,3,STOP_LOSS,LOSS,0.7872022536165453
AMZN,2025-07-14,2025-07-16,105.70839353742508,101.60198953119016,97.71850378223783,-401.27165541466456,-0.03884652740258602,3,STOP_LOSS,LOSS,0.5591266806690822
CBA.AX,2025-07-16,2025-07-17,123.2999222826788,125.02189682530573,154.2256268993195,265.5726033413048,0.01396573907548048,2,STOP_LOSS,WIN,0.7787044613253745
GOOGL,2025-07-18,2025-07-21,118.83641374132598,121.79006418737174,110.93270289854921,327.65642739735995,0.02485475918580836,2,STOP_LOSS,WIN,0.6288474602630276
AMZN,2025-07-17,2025-07-21,109.95210664969589,103.04669159950387,107.24899621509185,-740.5988325816816,-0.06280384487941153,3,STOP_LOSS,LOSS,0.6220335895334934
RIO.AX,2025-07-16,2025-07-21,99.38980910005853,120.12138963234024,125.87399569848762,2609.566878743277,0.20858859394136312,4,TAKE_PROFIT,WIN,0.6376722184463242
JNJ,2025-07-22,2025-07-23,104.83172853626047,124.42694646061636,138.1335373577281,2706.7567671868364,0.18692067943512017,2,TAKE_PROFIT,WIN,0.8341158457621372
NVDA,2025-07-22,2025-07-23,106.09287208620201,112.34232393243731,237.24727649272623,1482.6654300917653,0.05890548274682895,2,STOP_LOSS,WIN,0.9164390165219162
ANZ.AX,2025-07-24,2025-07-25,107.27696389605043,125.9693901670266,144.84982894327112,2707.594747885605,0.17424454973472975,2,TAKE_PROFIT,WIN,0.7814406157531812
WOW.AX,2025-07-24,2025-07-25,87.54873410896563,71.7495119650492,229.7889197032678,-3630.4861886025064,-0.18046202843152803,2,STOP_LOSS,LOSS,0.7981786423999815
JNJ,2025-07-28,2025-07-28,104.68200746155863,92.65031787864551,120.0432169562856,-1444.32272295232,-0.11493560235106681,1,STOP_LOSS,LOSS,0.608200838752015
META,2025-07-22,2025-07-28,99.15521340897244,88.28036258112213,136.06679518772236,-1479.706100290141,-0.10967502821053135,5,STOP_LOSS,LOSS,0.6330649222934874
JNJ,2025-07-29,2025-07-29,111.52195370226671,130.27635622530633,172.03378882869472,3226.3909232569385,0.16816780822463692,1,TAKE_PROFIT,WIN,0.8327467131013013
SHEL.L,2025-07-28,2025-07-29,80.61428603652121,69.92846959819386,218.1263933539933,-2330.8585997351584,-0.13255487288551165,2,STOP_LOSS,LOSS,0.6986414481685486
RIO.AX,2025-07-30,2025-07-30,89.8667348335086,114.41616288384311,225.23734847629302,5529.448080666876,0.273175920943561,1,TAKE_PROFIT,WIN,0.854134948056914
GOOGL,2025-07-29,2025-07-30,116.8726422738969,83.36550214489493,135.7477647486367,-4548.519375631364,-0.28669789162870385,2,STOP_LOSS,LOSS,0.8866890332659956
WBC.AX,2025-07-31,2025-07-31,107.96158061561538,137.23315698155446,167.9350622556748,4915.723999335718,0.2711295647861725,1,TAKE_PROFIT,WIN,0.7610525906834904
NVDA,2025-07-30,2025-07-31,122.85411086218951,116.80919426616946,138.20397770741633,-835.431518479545,-0.049204023810004,2,STOP_LOSS,LOSS,0.9299007579081668
NAB.AX,2025-08-01,2025-08-01,112.37593790958138,137.86694534485116,159.59921721640058,4068.3448327265032,0.22683688260542084,1,TAKE_PROFIT,WIN,0.8338979418929375
CBA.AX,2025-08-01,2025-08-01,96.09446138738758,84.08799460666671,197.27796527200468,-2368.611336606529,-0.12494442038983862,1,STOP_LOSS,LOSS,0.7073760503699051
AAPL,2025-08-04,2025-08-04,87.6634994631849,111.05466588779798,221.14429982017393,5172.823120948222,0.2668290288187323,1,TAKE_PROFIT,WIN,0.9419404155165896
LGEN.L,2025-07-31,2025-08-04,112.10223323790811,94.2426170522103,92.3753682039815,-1649.7886211356217,-0.15931543618578378,3,STOP_LOSS,LOSS,0.5310606735369483
META,2025-08-05,2025-08-06,110.09213510280556,105.00601412927962,143.2472838985273,-728.5730150369236,-0.04619876768468924,2,STOP_LOSS,LOSS,0.8196523912426019
VOD.L,2025-08-05,2025-08-06,94.08227770730782,113.62382066237875,207.4476437775988,4053.847041808196,0.20770695003648945,2,TAKE_PROFIT,WIN,0.7980764724492769
AZN.L,2025-08-04,2025-08-07,117.63055867094629,115.88820980292225,201.0156480716605,-350.23938687277405,-0.014812042786415609,4,STOP_LOSS,LOSS,0.8789099555401451
JNJ,2025-08-08,2025-08-08,94.40092038408038,109.71790901566392,138.5282190171093,2121.8351558385784,0.1622546535485535,1,TAKE_PROFIT,WIN,0.5711442062603788
VOD.L,2025-08-07,2025-08-08,114.8553537993007,119.47725353510593,174.83159710436775,808.0541124670817,0.04024104739498316,2,STOP_LOSS,WIN,0.7921286819148277
CBA.AX,2025-08-11,2025-08-11,114.36236902610163,89.52534611925662,119.01295289102988,-2955.9274371657757,-0.21717828266723213,1,STOP_LOSS,LOSS,0.59954057652108
AMZN,2025-08-07,2025-08-11,99.85293194695168,95.41972542284326,144.01603825358015,-638.4528403620188,-0.04439735957341365,3,STOP_LOSS,LOSS,0.7139141139670594
BP.L,2025-08-12,2025-08-12,123.65733174907663,144.70816084771178,97.64544387043263,2055.5175511768484,0.17023518784434988,1,TAKE_PROFIT,WIN,0.62067303683357
JNJ,2025-08-13,2025-08-13,90.25543447826114,67.83089098409346,162.89263011722994,-3652.79286894319,-0.2484564350478955,1,STOP_LOSS,LOSS,0.7439466483693691
RIO.AX,2025-08-12,2025-08-13,101.5358671200516,121.81688457180287,222.46493245746254,4511.8151775724655,0.19974239672146468,2,TAKE_PROFIT,WIN,0.9050736058619967
ULVR.L,2025-08-14,2025-08-14,117.9651085923035,80.8645107183614,144.14469684362209,-5347.8544332565125,-0.314504842293365,1,STOP_LOSS,LOSS,0.8503863294039988
CBA.AX,2025-08-14,2025-08-14,84.85369772716884,74.88720042000716,258.99021796798246,-2581.2253099591107,-0.1174550735456111,1,STOP_LOSS,LOSS,0.851430157953881
GOOGL,2025-08-11,2025-08-14,106.81380998414907,147.08851014584607,219.1382804832633,8825.728540413285,0.37705517823653767,4,TAKE_PROFIT,WIN,0.8232014981686617
TSLA,2025-08-15,2025-08-18,113.84147534047037,108.3089754878855,260.3473617386649,-1440.3717404400195,-0.048598279634365076,2,STOP_LOSS,LOSS,0.9231760905803049
MSFT,2025-08-15,2025-08-19,95.36854388637242,90.94223570345731,109.6053908456498,-485.147238391708,-0.04641266399315967,3,STOP_LOSS,LOSS,0.5472808015558588
LGEN.L,2025-08-15,2025-08-20,112.3822838811116,95.45013189513968,197.35674021162737,-3341.674320719252,-0.15066566901135706,4,STOP_LOSS,LOSS,0.912410575017144
AMZN,2025-08-19,2025-08-21,106.07010982483372,134.498833565815,133.15982190062462,3785.563790211125,0.26801823612636044,3,TAKE_PROFIT,WIN,0.5938538065546393
CSL.AX,2025-08-22,2025-08-22,87.12473692679654,76.27370271106312,169.72396800228591,-1841.680584022848,-0.12454596247275458,1,STOP_LOSS,LOSS,0.6126730694014092
TSLA,2025-08-20,2025-08-22,92.46320217466979,90.5977602705346,177.09288678350276,-330.35649193021527,-0.02017496539446292,3,STOP_LOSS,LOSS,0.7335490798111413
RIO.AX,2025-08-25,2025-08-25,112.05531121723844,100.12342902494635,134.95431185555867,-1610.2589504023745,-0.10648207624143843,1,STOP_LOSS,LOSS,0.5346635824639283
GSK.L,2025-08-25,2025-08-26,107.0047995746483,99.6728921116642,132.35367049578107,-970.4048644613558,-0.06851942615778876,2,STOP_LOSS,LOSS,0.591287215814194
MSFT,2025-08-21,2025-08-26,104.09816436440789,104.9756759243493,141.28200576325855,123.97659326896792,0.008429654502547948,4,STOP_LOSS,WIN,0.6336186438523304
JNJ,2025-08-27,2025-08-27,97.14666244690731,134.2143279028716,170.1722731055666,6307.888889358128,0.38156396238751406,1,TAKE_PROFIT,WIN,0.7316832893392861
V,2025-08-26,2025-08-27,100.9425815460699,78.53452426090323,124.08407481858846,-2780.483056711839,-0.22198815348247963,2,STOP_LOSS,LOSS,0.5213643277743396
AZN.L,2025-08-27,2025-08-28,88.8035478891765,76.81863129387494,209.33940542142074,-2508.915314085745,-0.13495988482642923,2,STOP_LOSS,LOSS,0.6706484150657701
SHEL.L,2025-08-28,2025-08-29,98.01397195831919,122.67732071508519,226.0712564835689,5575.674242534558,0.2516309487718158,2,TAKE_PROFIT,WIN,0.8306192820704209
CBA.AX,2025-09-01,2025-09-01,94.11279075712052,113.00304127041427,207.63207983953032,3922.222002764938,0.20071926845782684,1,TAKE_PROFIT,WIN,0.7567932438903044
GOOGL,2025-08-29,2025-09-01,106.44742562220034,102.66567135703218,110.3132794904178,-417.1777152175746,-0.035526967825320964,2,STOP_LOSS,LOSS,0.5306665267927617
MQG.AX,2025-08-28,2025-09-02,100.55061546634576,98.41056092388514,136.05859750284114,-291.1728196267759,-0.02128335597485121,4,STOP_LOSS,LOSS,0.6471996888112771
BARC.L,2025-09-02,2025-09-03,86.31243237001077,81.2741024434701,183.7805039643693,-925.9468130384084,-0.05837316581395797,2,STOP_LOSS,LOSS,0.6034038991422053
WOW.AX,2025-09-02,2025-09-03,101.28888475729387,128.74132910618357,148.3083676966688,4071.4272106674707,0.2710311641269486,2,TAKE_PROFIT,WIN,0.48588188105798735
WES.AX,2025-09-03,2025-09-04,121.85126992806327,144.64493032917724,148.23311614479942,3378.775309603443,0.18706132824524976,2,TAKE_PROFIT,WIN,0.7134617341944287
WOW.AX,2025-09-05,2025-09-05,105.91065181298116,95.08943548375193,213.43912011902995,-2309.6708919283665,-0.1021730689405776,1,STOP_LOSS,LOSS,0.88371951909013
V,2025-09-04,2025-09-08,103.60424960530969,89.6336078885781,187.00624928666872,-2612.597307573844,-0.13484622271725438,3,STOP_LOSS,LOSS,0.767719575430391
JNJ,2025-09-04,2025-09-08,95.3652578180174,110.78885773868168,165.97008704049657,2559.856221310447,0.1617318536494356,3,TAKE_PROFIT,WIN,0.5224239795274773
AAPL,2025-09-08,2025-09-09,107.88701420730236,144.53216033799936,128.37178857181564,4704.202951273122,0.3396622512908199,2,TAKE_PROFIT,WIN,0.5360370756419817
BP.L,2025-09-09,2025-09-10,88.6843004758104,106.62345214706704,191.26077601808007,3431.0560697505825,0.20228103029520692,2,TAKE_PROFIT,WIN,0.6510378360645955
AZN.L,2025-09-09,2025-09-10,90.66040147923412,87.40173636425574,210.12108957989722,-684.7142645352615,-0.03594364310999435,2,STOP_LOSS,LOSS,0.6078438607926007
TSLA,2025-09-11,2025-09-11,131.41625151996385,154.33481647011118,158.87789115457852,3641.253267568649,0.17439673316709783,1,TAKE_PROFIT,WIN,0.8077128846251559
RIO.AX,2025-09-11,2025-09-12,109.61547660048541,132.6438994122207,192.96792033844994,4443.7468586550785,0.21008368093555607,2,TAKE_PROFIT,WIN,0.6638592003819928
HSBA.L,2025-09-15,2025-09-15,97.68913541531815,81.14227085821302,271.74299585913104,-4496.494546823018,-0.16938285395563535,1,STOP_LOSS,LOSS,0.9156518571706849
MSFT,2025-09-12,2025-09-16,124.22816246519884,118.52187355233458,133.99644333390128,-764.6224189594832,-0.04593393961262851,3,STOP_LOSS,LOSS,0.6091713616483583
MQG.AX,2025-09-17,2025-09-17,93.37197016950869,82.74637428158714,166.77379568088912,-1772.0709575999226,-0.11379856148083516,1,STOP_LOSS,LOSS,0.5328714457484482
NAB.AX,2025-09-16,2025-09-17,106.37662028001745,123.72615534090949,136.15154533241912,2362.1660093394385,0.16309537768000615,2,TAKE_PROFIT,WIN,0.4993091713240721
GOOGL,2025-09-18,2025-09-18,106.91612393845116,134.5712005810906,171.3124023637644,4737.65761720459,0.25866142190638847,1,TAKE_PROFIT,WIN,0.727667329968767
GSK.L,2025-09-18,2025-09-18,101.1410759114091,124.20302123797232,274.1439871045757,6322.293642211778,0.22801759936549923,1,TAKE_PROFIT,WIN,0.8595553226625018
BP.L,2025-09-10,2025-09-18,95.72936109452664,95.9400518920409,194.37725419245228,40.95349870443897,0.002200900487638395,7,STOP_LOSS,WIN,0.7066124877164759
CBA.AX,2025-09-19,2025-09-19,106.9135632030745,130.9728564068664,202.28807248594006,4866.908047569141,0.22503499540178104,1,TAKE_PROFIT,WIN,0.8651935964283858
JNJ,2025-09-19,2025-09-19,96.06334221014673,117.30932538869791,207.08584482500774,4399.742375668175,0.22116639593981424,1,TAKE_PROFIT,WIN,0.6454558522676703
V,2025-09-19,2025-09-19,113.83027912041943,138.59015728104703,327.0384668365697,8097.4325927119135,0.21751574670597507,1,TAKE_PROFIT,WIN,0.9319417484673779
TSLA,2025-09-22,2025-09-22,140.08254703031014,111.8060715524324,122.8952067667486,-3475.043300488682,-0.2018558062894121,1,STOP_LOSS,LOSS,0.5441906073020323
JPM,2025-09-22,2025-09-23,126.1491634763709,153.01530049328022,277.6673023553561,7459.847790194588,0.21297118646325106,2,TAKE_PROFIT,WIN,0.779003837025066
NAB.AX,2025-09-23,2025-09-24,115.34086850836798,100.86380083585483,193.32019851434274,-2798.7095963558168,-0.1255155077271058,2,STOP_LOSS,LOSS,0.7433939784148174
TSLA,2025-09-25,2025-09-25,103.61058104178687,131.03984939500074,202.16150451378078,5545.142157997951,0.2647342392776608,1,TAKE_PROFIT,WIN,0.6176984396816284
BP.L,2025-09-24,2025-09-25,114.72169940216492,144.62284526484,232.06854288045005,6939.1153508068055,0.2606407159107235,2,TAKE_PROFIT,WIN,0.7530766425829837
WBC.AX,2025-09-26,2025-09-26,127.610101334571,114.64656302728865,233.65568556287673,-3029.0044305086703,-0.10158708575345654,1,STOP_LOSS,LOSS,0.8754639064080644
TSLA,2025-09-26,2025-09-26,126.6786662311746,172.71670715000081,281.94790688574005,12980.329274183103,0.3634237894075381,1,TAKE_PROFIT,WIN,0.8180195193336756
AMZN,2025-09-29,2025-09-29,111.57711750015486,97.30936676837017,329.217431292711,-4697.192246242852,-0.12787344799228106,1,STOP_LOSS,LOSS,0.9241307237954595
LGEN.L,2025-09-29,2025-09-30,106.57472076102515,129.9778151839204,222.44106416918083,5205.809228280639,0.2195932980708673,2,TAKE_PROFIT,WIN,0.4932896674113798
MQG.AX,2025-09-30,2025-10-01,106.22658712795425,123.68426164724477,260.70783507429155,4551.352529355852,0.1643437390891795,2,TAKE_PROFIT,WIN,0.7080296241568592
RIO.AX,2025-09-22,2025-10-01,99.17301888083911,102.10385183232349,182.41493194295893,534.6276933812042,0.02955272497054775,8,STOP_LOSS,WIN,0.49008935639192397
AZN.L,2025-10-01,2025-10-02,130.7573546532103,111.89381494567256,199.97755292611689,-3772.284510238038,-0.14426369941153147,2,STOP_LOSS,LOSS,0.6598076514784872
WBC.AX,2025-10-02,2025-10-03,91.63142223419605,80.86475064861233,258.76631530789643,-2786.0519343317283,-0.1174997759836767,2,STOP_LOSS,LOSS,0.6047547698433402
CBA.AX,2025-10-02,2025-10-03,123.51502402312966,120.07313320903033,220.4007430733399,-758.5952930047933,-0.027866171272045312,2,STOP_LOSS,LOSS,0.5828022007652605
CBA.AX,2025-10-06,2025-10-06,112.58604562004228,130.49424800511133,248.19760145678356,4444.772878376789,0.15906236235977256,1,TAKE_PROFIT,WIN,0.6367621198898725
ANZ.AX,2025-10-03,2025-10-06,102.35770745558231,119.09665033358758,275.0536179004141,4604.106798423716,0.16353378064147292,2,TAKE_PROFIT,WIN,0.7346664753476415
WBC.AX,2025-10-07,2025-10-07,111.7518022303397,128.8625210565719,292.49465106851386,5004.793732610233,0.15311358282136733,1,TAKE_PROFIT,WIN,0.6680316087104863
AMZN,2025-10-06,2025-10-07,106.6599848029752,104.09224359668517,167.514686561146,-430.1343633418146,-0.024074081868971094,2,STOP_LOSS,LOSS,0.480134376093013
VOD.L,2025-10-07,2025-10-08,102.2884592042187,105.16600363041687,332.29397011252786,956.1906615565676,0.028131662639019363,2,STOP_LOSS,WIN,0.8600092216479649
GSK.L,2025-10-08,2025-10-09,109.64148180774887,98.22086169191775,195.17963982672774,-2229.072520805803,-0.10416331417206355,2,STOP_LOSS,LOSS,0.6086882794658015
CSL.AX,2025-10-08,2025-10-09,120.2678192003875,162.3600078531943,337.489812843271,14205.68487059942,0.34998712816662736,2,TAKE_PROFIT,WIN,0.9019977521717267
LGEN.L,2025-10-10,2025-10-10,122.13527822035545,145.70516422401118,169.5045475475242,3995.202862796388,0.19298180138527332,1,TAKE_PROFIT,WIN,0.5399172264786265
VOD.L,2025-10-10,2025-10-10,103.376801614831,122.77184367052288,419.6609126027402,8139.341049060182,0.18761503308987423,1,TAKE_PROFIT,WIN,0.8943513988606971
ULVR.L,2025-10-09,2025-10-13,112.52242912534322,139.9516769317792,299.5582426844841,8216.657271053198,0.2437669362423862,3,TAKE_PROFIT,WIN,0.8895673034093362
VOD.L,2025-10-14,2025-10-14,121.74152458889124,147.27682810146652,309.6081753866282,7905.938728472196,0.20975015385100051,1,TAKE_PROFIT,WIN,0.7782354755915076
AZN.L,2025-10-13,2025-10-14,103.93812002708914,127.01736300023897,206.7221123969903,4770.989859932928,0.22204791627109233,2,TAKE_PROFIT,WIN,0.481843763008169
META,2025-10-13,2025-10-14,114.45647491794186,134.99062864023733,299.6302980185692,6152.6545993705,0.17940578492406972,2,TAKE_PROFIT,WIN,0.6502716814902927
AZN.L,2025-10-15,2025-10-15,105.86280933787644,94.48438742815786,344.0366089461197,-3914.5936889778095,-0.10748271258703042,1,STOP_LOSS,LOSS,0.9446305329749761
CSL.AX,2025-10-15,2025-10-15,100.48587666723651,124.75606537836921,482.2219702210922,11703.61821792012,0.2415283571790344,1,TAKE_PROFIT,WIN,0.9443583784391748
WES.AX,2025-10-16,2025-10-17,106.38996181730519,137.4841599339598,258.64607069097934,8042.3921641595625,0.2922662776216626,2,TAKE_PROFIT,WIN,0.4929767859195717
V,2025-10-16,2025-10-20,129.09141887986598,153.84842340298428,260.5045744148969,6449.31292708261,0.1917788551550236,3,TAKE_PROFIT,WIN,0.7177947672323144
ANZ.AX,2025-10-15,2025-10-20,123.02827987399955,116.25550088962551,501.68015584485124,-3397.7688163835046,-0.05505058667251501,4,STOP_LOSS,LOSS,0.9119587816996408
META,2025-10-21,2025-10-21,107.04358296019731,81.37309061089087,365.68664439934844,-9387.356207297016,-0.2398134632587145,1,STOP_LOSS,LOSS,0.7284997400528923
HSBA.L,2025-10-21,2025-10-21,104.98385816035338,92.5211440266739,482.3958821016598,-6011.961977897139,-0.11871076517919368,1,STOP_LOSS,LOSS,0.7546000997693625
META,2025-10-20,2025-10-21,112.05688369535633,131.49959528360097,212.02004478083703,4122.244581600527,0.17350751642444925,2,TAKE_PROFIT,WIN,0.4865222643984992
TSLA,2025-10-22,2025-10-22,110.83579650133782,130.2221550024704,270.70199246186064,5247.92587283652,0.1749106255657989,1,TAKE_PROFIT,WIN,0.61708981067304
TSLA,2025-10-22,2025-10-22,87.08659733833441,115.85806171068478,349.29234112452855,10049.65214819922,0.3303776384851992,1,TAKE_PROFIT,WIN,0.5285072728499246
V,2025-10-23,2025-10-23,107.49423537123076,147.7610353873505,364.7926682300756,14689.03341896717,0.37459497132156494,1,TAKE_PROFIT,WIN,0.8609645189272457
BP.L,2025-10-24,2025-10-24,126.54506351812945,151.27913339948347,209.50211678106336,5181.839996754414,0.19545661595729105,1,TAKE_PROFIT,WIN,0.5174789181434138
VOD.L,2025-10-23,2025-10-24,110.83680593158248,133.63961011604047,482.1510285271391,10994.395490839379,0.20573314065486298,2,TAKE_PROFIT,WIN,0.897422997058002
META,2025-10-22,2025-10-24,99.54549854420637,146.90339576334074,541.7332147879459,25655.34590611879,0.47574122297557814,3,TAKE_PROFIT,WIN,0.7662968247692878
JNJ,2025-10-27,2025-10-27,87.50423508759094,102.816764775273,578.5201515350365,8858.606995302565,0.17499186950613704,1,TAKE_PROFIT,WIN,0.7650626925077547
BP.L,2025-10-27,2025-10-27,107.84183072033487,138.87027352134703,352.5626463766879,10939.469906872539,0.2877217735804014,1,TAKE_PROFIT,WIN,0.4809117706339403
MQG.AX,2025-10-27,2025-10-27,97.025139714325,113.96708322150286,511.3361448126805,8663.02807859455,0.17461395631133025,1,TAKE_PROFIT,WIN,0.5405004356331776
WBC.AX,2025-10-28,2025-10-28,104.41863335002701,145.11187470972112,703.3279418598139,28620.693693118315,0.3897124493411461,1,TAKE_PROFIT,WIN,0.7558617541357158
BP.L,2025-10-28,2025-10-29,101.09526631004027,99.3804263364047,467.5017251853635,-801.6906460914615,-0.01696261394056272,2,STOP_LOSS,LOSS,0.5994489058502035
JPM,2025-10-28,2025-10-30,96.84905231539038,103.5874686421121,402.23072932849107,2710.398113616284,0.06957648180983696,3,STOP_LOSS,WIN,0.5890654210131279
RIO.AX,2025-10-31,2025-10-31,111.02603232494302,132.00146233471452,375.0571667998987,7866.985351874471,0.1889235305498635,1,TAKE_PROFIT,WIN,0.5555704953491357
CBA.AX,2025-10-29,2025-10-31,127.88772849728466,154.49511970902867,553.0750379356285,14715.883903803435,0.20805273128538646,3,TAKE_PROFIT,WIN,0.8717797553385115
CSL.AX,2025-10-30,2025-11-03,112.96588505645688,135.6424407332067,436.2012276019608,9891.54142398249,0.20073808712618668,3,TAKE_PROFIT,WIN,0.6473075717451675
LGEN.L,2025-11-04,2025-11-06,110.34231675107505,130.00316192299564,421.55709015120567,8288.168680588227,0.17818046376780505,3,TAKE_PROFIT,WIN,0.5685654133562081
HSBA.L,2025-11-07,2025-11-07,114.76218443300637,141.57280792795586,569.0411323963991,15256.347553819563,0.2336189715053784,1,TAKE_PROFIT,WIN,0.7951327276285352
HSBA.L,2025-11-03,2025-11-07,92.94078965213659,108.00725315871266,593.8127678827237,8946.658397043982,0.16210819343118965,5,TAKE_PROFIT,WIN,0.54928558322119
AZN.L,2025-11-03,2025-11-10,118.91888853213669,114.20690627932008,601.6668242521457,-2835.043397984642,-0.039623497250760496,6,STOP_LOSS,LOSS,0.8638494951963647
AMZN,2025-11-10,2025-11-11,105.71087446541557,110.81768208065094,557.1565873136964,2845.2915029721335,0.048309198472349345,2,STOP_LOSS,WIN,0.5564450311929865
BP.L,2025-11-12,2025-11-13,90.6445144004818,87.1764844052421,509.29543669715764,-1766.2518509044385,-0.038259678681904385,2,STOP_LOSS,LOSS,0.5418034433005501
AZN.L,2025-11-11,2025-11-13,116.33013133091735,121.3776284270977,594.2585310050498,2999.518209628397,0.04338942145455033,3,STOP_LOSS,WIN,0.8157082984754274
AMZN,2025-11-14,2025-11-14,109.3785918649744,131.0865320501038,407.9673637898928,8856.131130635928,0.1984660783705044,1,TAKE_PROFIT,WIN,0.5535005546698204
SHEL.L,2025-11-10,2025-11-14,103.29602784835052,102.48401241054304,763.6169899069566,-620.068784376519,-0.007861051917694198,5,STOP_LOSS,LOSS,0.9073237076143734
WOW.AX,2025-11-14,2025-11-17,105.27568642988817,93.18376708159992,822.8983447686686,-9950.42041678264,-0.11485956309903772,2,STOP_LOSS,LOSS,0.8562038409946447
BHP.AX,2025-11-17,2025-11-18,116.89625313268199,142.6433320083955,533.4671046055463,13735.21961987752,0.22025580962368016,2,TAKE_PROFIT,WIN,0.7800666882595473
WBC.AX,2025-11-17,2025-11-18,128.55072179820655,167.51782779811393,640.7404295726898,24967.80023758518,0.30312631041524807,2,TAKE_PROFIT,WIN,0.8105171358677262
BP.L,2025-11-19,2025-11-19,121.54974709590364,171.45293991919306,701.582374476084,35011.20051490127,0.4105577676267433,1,TAKE_PROFIT,WIN,0.7093604044413571
TSLA,2025-11-18,2025-11-20,109.64723661539604,146.41905031633297,447.3772860454381,16450.87421649362,0.33536470991895145,3,TAKE_PROFIT,WIN,0.5732444006844271
NAB.AX,2025-11-21,2025-11-21,115.28359078980878,163.17340068054529,835.0988953177515,39992.72733673119,0.415408728706688,1,TAKE_PROFIT,WIN,0.8916533616536193
ANZ.AX,2025-11-20,2025-11-21,102.44188616673375,85.34317160453148,879.0735673353093,-15031.028007043366,-0.16691136020643477,2,STOP_LOSS,LOSS,0.7809413911577064
HSBA.L,2025-11-19,2025-11-21,136.45208004256813,179.64146511263013,371.65516220121043,16051.557913584431,0.3165168684609899,3,TAKE_PROFIT,WIN,0.5073972289937144
WBC.AX,2025-11-24,2025-11-24,121.68018879836282,142.43264081572872,806.9995828867203,16747.22012189096,0.17054914380314573,1,TAKE_PROFIT,WIN,0.6149072252541036
AMZN,2025-11-24,2025-11-25,119.81950881408433,119.55861362322372,525.9934133063826,-137.22915195598762,-0.0021774016054882514,2,STOP_LOSS,LOSS,0.5646609711431987
CBA.AX,2025-11-26,2025-11-26,127.74851145414661,157.0112605595547,598.58199271876,17516.154671944285,0.22906528438033116,1,TAKE_PROFIT,WIN,0.6699649507933595
CBA.AX,2025-11-24,2025-11-26,118.38022684742513,114.60447448062864,696.0477282361891,-2628.1038572911057,-0.031895126976423833,3,STOP_LOSS,LOSS,0.6191725648025611
AMZN,2025-11-27,2025-11-27,107.61919734098086,138.78433986063126,759.867286794398,23681.372288967483,0.28958720460353105,1,TAKE_PROFIT,WIN,0.5764835367077638
GSK.L,2025-11-25,2025-11-27,116.01049777197974,105.74519201107269,862.880901718566,-8857.736291388268,-0.08848600737050241,3,STOP_LOSS,LOSS,0.8165843149853648
BARC.L,2025-11-28,2025-11-28,81.4811936971863,103.71391223425316,1102.8587092487476,24519.547268880255,0.27285705484006173,1,TAKE_PROFIT,WIN,0.6004548530288891
LGEN.L,2025-11-28,2025-12-02,126.1807257089657,132.90622045683298,552.7816223858375,3717.729898073507,0.05330049189429736,3,STOP_LOSS,WIN,0.5529213611168919
ANZ.AX,2025-11-27,2025-12-02,121.70718190342247,152.10281656047505,693.8306139613453,21089.42185584754,0.24974396893991221,4,TAKE_PROFIT,WIN,0.71705938587345
WES.AX,2025-12-03,2025-12-03,132.51618770465404,156.18838102571533,845.1306639494796,20006.096458568965,0.17863623856898736,1,TAKE_PROFIT,WIN,0.9403383961776963
TSLA,2025-12-04,2025-12-04,107.17545452435724,88.62086284038068,950.1714610161732,-17630.043488922543,-0.1731235175658597,1,STOP_LOSS,LOSS,0.8123686899685649
SHEL.L,2025-12-03,2025-12-04,102.21142813714266,107.04666662832227,1364.7536877181988,6598.909561834356,0.04730624137930946,2,STOP_LOSS,WIN,0.8927814885405775
CSL.AX,2025-12-05,2025-12-05,110.95403785326577,135.05262481966412,870.8172036106401,20985.464113046837,0.2171943214745208,1,TAKE_PROFIT,WIN,0.7524543059448223
HSBA.L,2025-12-05,2025-12-05,102.9910085797793,120.18623261809608,1157.2551909808487,19899.262278420763,0.16695849740122648,1,TAKE_PROFIT,WIN,0.7435043505024865
META,2025-12-01,2025-12-05,119.35269011444919,112.14518999232041,792.1465328120354,-5709.396231986626,-0.060388250279213504,5,STOP_LOSS,LOSS,0.6953557894542408
NAB.AX,2025-12-08,2025-12-08,113.6759608007156,94.25642151240831,732.0064567285145,-14215.228145734,-0.17083241831886978,1,STOP_LOSS,LOSS,0.4830502367126719
GOOGL,2025-12-08,2025-12-08,98.57734848334098,137.93111654984713,1076.46340264013,42362.89107958171,0.3992171494971456,1,TAKE_PROFIT,WIN,0.5310274144549172
BHP.AX,2025-12-09,2025-12-09,94.6876866517915,84.73701616062341,1204.9191459825468,-11989.753390171973,-0.10508938218927132,1,STOP_LOSS,LOSS,0.663157211545818
TSLA,2025-12-09,2025-12-10,105.19731575036873,128.28392751688708,1076.9282258380217,24862.623850327785,0.2194600841460863,2,TAKE_PROFIT,WIN,0.8117997109082433
NAB.AX,2025-12-08,2025-12-10,122.6604728595734,166.20514097793233,968.2002112449428,42159.956870786045,0.3550016325814315,3,TAKE_PROFIT,WIN,0.8277419303482034
ULVR.L,2025-12-10,2025-12-11,97.3314889665159,95.91727723011243,972.045147325472,-1374.677655661726,-0.014529847959995684,2,STOP_LOSS,LOSS,0.6853523173468431
GSK.L,2025-12-11,2025-12-15,108.4372303042358,144.7239725687685,1038.0191027825695,37666.33164833255,0.3346336139601237,3,TAKE_PROFIT,WIN,0.576113101010433
WOW.AX,2025-12-16,2025-12-16,96.06521029928167,117.48085725558039,1138.2296208869523,24375.923716116697,0.2229282264576362,1,TAKE_PROFIT,WIN,0.7152582090674878
WES.AX,2025-12-12,2025-12-16,109.23937421883265,98.48535679458737,1177.1153289796987,-12658.718758193892,-0.09844451692575978,3,STOP_LOSS,LOSS,0.8853457716713644
MSFT,2025-12-11,2025-12-16,118.28589114135312,150.61779639487466,1267.0645733195227,40966.61173466049,0.27333695457292106,4,TAKE_PROFIT,WIN,0.9383942150122582
SHEL.L,2025-12-17,2025-12-17,130.84500953288162,160.8743816567935,1150.9479444248307,34562.2441183847,0.22950338137554602,1,TAKE_PROFIT,WIN,0.9005654804151072
META,2025-12-17,2025-12-18,116.93102494312122,162.27692993211338,1135.873177743738,51507.19719751217,0.3878004576719463,2,TAKE_PROFIT,WIN,0.5385474971555773
GOOGL,2025-12-19,2025-12-19,102.81233405678658,82.8330280649789,1118.4776873471226,-22346.40796051755,-0.19432790992540303,1,STOP_LOSS,LOSS,0.5660617718990673
GSK.L,2025-12-18,2025-12-19,115.99208017374572,115.78579078875855,913.5427400150317,-188.45416999720328,-0.0017784781915987373,2,STOP_LOSS,LOSS,0.5842544906598687
BHP.AX,2025-12-17,2025-12-22,105.07807721311381,129.52065537966965,1295.7953423111815,31672.578942300024,0.23261348908186322,4,TAKE_PROFIT,WIN,0.6574424408315158
HSBA.L,2025-12-22,2025-12-23,112.40551101499454,153.35813581867708,1554.067224474028,63643.13196358518,0.3643293325557641,2,TAKE_PROFIT,WIN,0.9254014625238501
AAPL,2025-12-22,2025-12-23,109.33951361034171,129.32836280057427,1039.8742161729876,20785.888883893145,0.18281450621289344,2,TAKE_PROFIT,WIN,0.4979065550709714
VOD.L,2025-12-24,2025-12-25,104.74917411553606,132.00563658831817,1292.4398613779529,35227.33857997588,0.2602069439012361,2,TAKE_PROFIT,WIN,0.6052014508709956
TSLA,2025-12-24,2025-12-25,123.23035056352724,158.3564745692218,1196.9629113412577,42044.66765399021,0.2850444216466501,2,TAKE_PROFIT,WIN,0.5557531827630854
GSK.L,2025-12-26,2025-12-29,110.67616201471323,140.01749493927997,1587.781868504704,46587.636415387184,0.2651097796530578,2,TAKE_PROFIT,WIN,0.7756756881312266
CSL.AX,2025-12-23,2025-12-29,122.3347535022514,148.66953225015118,885.4123995925946,23317.139643917995,0.2152681719133485,5,TAKE_PROFIT,WIN,0.5606556025571154
AZN.L,2025-12-30,2025-12-30,116.17523362009597,139.273379493291,1726.6293017522673,39881.935480806744,0.19882160038281613,1,TAKE_PROFIT,WIN,0.7293394546897306
BP.L,2025-12-26,2025-12-30,124.80118071224572,161.13041395078142,1602.1903759007205,58206.34785863446,0.29109687128922335,3,TAKE_PROFIT,WIN,0.7108065960898636
LGEN.L,2025-12-30,2026-01-01,119.6943714691701,140.14064959277985,1633.3301793461642,33395.523114597076,0.17082071506491966,3,TAKE_PROFIT,WIN,0.8933584752293378
DGE.L,2026-01-02,2026-01-02,113.1794240802414,84.97280114774883,1629.9130447890566,-45974.342667115794,-0.24922041406125883,1,STOP_LOSS,LOSS,0.7367969245630973
WES.AX,2025-12-31,2026-01-02,113.51492131907314,118.18741875531339,1778.1611806789565,8308.453557944362,0.0411619669198076,3,STOP_LOSS,WIN,0.8364707404900543
NVDA,2025-12-31,2026-01-02,115.81220966934467,106.77254605523326,1910.8235956919455,-17273.202530962008,-0.07805449563496407,3,STOP_LOSS,LOSS,0.7319052181239891
BHP.AX,2026-01-05,2026-01-05,97.65683353469309,115.78316186649626,1327.320508929023,24059.44734638353,0.18561249300965388,1,TAKE_PROFIT,WIN,0.5512970008112533
V,2026-01-05,2026-01-05,130.98544016530408,155.88003432438381,1187.65066554022,29566.08132138473,0.1900561934796927,1,TAKE_PROFIT,WIN,0.5613489760601711
META,2026-01-06,2026-01-06,120.69063794216284,144.23584950547826,1448.2246441134405,34098.75563685814,0.1950873072242664,1,TAKE_PROFIT,WIN,0.8069603151673257
GOOGL,2026-01-06,2026-01-06,128.80715581105736,154.4099972451691,1984.5596426011778,50810.36584605544,0.1987687816946106,1,TAKE_PROFIT,WIN,0.9042958985328582
LGEN.L,2026-01-07,2026-01-07,102.23117343397645,117.96891335512773,2077.2882138009686,32691.821650072525,0.15394267122753036,1,TAKE_PROFIT,WIN,0.9095511503617555
DGE.L,2026-01-05,2026-01-07,99.73569777086647,117.73485316745774,2889.6315823457944,52010.92788953986,0.1804685363303183,3,TAKE_PROFIT,WIN,0.8326620426101194
BARC.L,2026-01-08,2026-01-08,138.9362317235893,166.0015206483944,1392.8524158245039,37697.953063903,0.19480367783870045,1,TAKE_PROFIT,WIN,0.7598179517133237
WES.AX,2026-01-07,2026-01-08,129.82483277041342,170.74867073905125,2088.3482298448826,85463.2245802636,0.3152234984273688,2,TAKE_PROFIT,WIN,0.8878199207688231
SHEL.L,2026-01-08,2026-01-09,108.55236375265092,127.76650121842478,2784.894073738206,53509.337560424814,0.17700340003240717,2,TAKE_PROFIT,WIN,0.9111043523641541
VOD.L,2026-01-12,2026-01-13,116.95929434389183,149.95827763306076,2328.524398334805,76838.93770907237,0.28214075225302776,2,TAKE_PROFIT,WIN,0.8525336541561018
DGE.L,2026-01-09,2026-01-13,106.70262079501978,100.99352176072914,2542.051070936229,-14512.821314199507,-0.05350476859662199,3,STOP_LOSS,LOSS,0.9166202727079096
META,2026-01-09,2026-01-13,106.99788329730436,105.0601241936631,2128.0556325162584,-4123.659174963424,-0.01811025642682103,3,STOP_LOSS,LOSS,0.62459001664557
ANZ.AX,2026-01-14,2026-01-14,90.30691675535009,107.97499020185559,1760.7728070017868,31109.46327671723,0.19564474218923864,1,TAKE_PROFIT,WIN,0.5668887183435658
WOW.AX,2026-01-14,2026-01-14,95.43740900185992,79.20330086139235,3583.6412203794107,-58177.219108276535,-0.1701021466346723,1,STOP_LOSS,LOSS,0.9463552766375422
ULVR.L,2026-01-15,2026-01-15,116.1718940773446,161.00243910487936,2838.780348974521,127264.07025798305,0.38589837398783894,1,TAKE_PROFIT,WIN,0.9300559997703145
BHP.AX,2026-01-14,2026-01-15,107.12227027445071,135.08036332591735,3650.956445006769,102073.78001635108,0.26099234995521564,2,TAKE_PROFIT,WIN,0.83676635262228
GOOGL,2026-01-16,2026-01-19,142.1307917919263,149.24201045758335,1770.8136573193697,12592.643133329926,0.05003292091742923,2,STOP_LOSS,WIN,0.6326232466821948
ULVR.L,2026-01-20,2026-01-20,91.01884745228864,74.98749437581832,2401.783096375568,-38503.832831094885,-0.1761322355226903,1,STOP_LOSS,LOSS,0.5378854467932999
GOOGL,2026-01-16,2026-01-20,121.3740222846204,154.43913794531238,2508.0218967948745,82928.03409707063,0.2724233327552971,3,TAKE_PROFIT,WIN,0.6343598244359259
BP.L,2026-01-15,2026-01-20,100.72301812583176,133.4024237379784,1858.513592608009,60735.119528524985,0.3244482365621803,4,TAKE_PROFIT,WIN,0.6868406981006343
GOOGL,2026-01-21,2026-01-21,108.88475149975201,125.77990100135675,2835.1613702553514,47900.475211638724,0.1551654319718333,1,TAKE_PROFIT,WIN,0.9089270295736511
WES.AX,2026-01-21,2026-01-21,96.32359907755271,115.59928812496113,5097.213965601576,98252.31140904356,0.2001138789663481,1,TAKE_PROFIT,WIN,0.8923029523135252
CSL.AX,2026-01-21,2026-01-22,111.56964400418556,115.28169596468427,2738.0509382097894,10163.787353126972,0.03327116433534061,2,STOP_LOSS,WIN,0.716969500847213
SHEL.L,2026-01-23,2026-01-23,106.31587145797545,134.0936309012763,3316.649270576738,92129.08559587988,0.26127575367973965,1,TAKE_PROFIT,WIN,0.8230148983797518
WES.AX,2026-01-22,2026-01-23,127.64930154244502,112.33342347877975,2751.1749415290506,-42136.65993627033,-0.11998403343062972,2,STOP_LOSS,LOSS,0.8007678415109318
CSL.AX,2026-01-26,2026-01-26,101.82976058321104,73.07071774586461,3052.1482384253964,-87776.86193480744,-0.2824227678886247,1,STOP_LOSS,LOSS,0.7410104625671605
DGE.L,2026-01-26,2026-01-26,111.87458238571003,153.79161100626195,3978.810254359174,166779.90330771892,0.37467874942347995,1,TAKE_PROFIT,WIN,0.8328457652102326
CSL.AX,2026-01-22,2026-01-26,99.01496009177882,118.30856857854158,2764.248870502839,53332.335467457946,0.1948554891996033,3,TAKE_PROFIT,WIN,0.5187762134834807
GSK.L,2026-01-27,2026-01-27,117.71260507025224,104.0459678165044,3507.739955573741,-47939.009553303884,-0.11610173137865255,1,STOP_LOSS,LOSS,0.8404159773678415
TSLA,2026-01-27,2026-01-27,120.12865113028994,152.62385689740282,4727.735915223409,153628.75137775438,0.27050337668296137,1,TAKE_PROFIT,WIN,0.8876441644569633
AMZN,2026-01-27,2026-01-28,117.68280360095412,144.34180363671882,3054.2356147731934,81422.86736347241,0.22653267274428335,2,TAKE_PROFIT,WIN,0.9470474380215896
WBC.AX,2026-01-29,2026-01-29,99.96895075859545,123.04404627641655,3913.8709981235907,90312.94712613168,0.23082262385190713,1,TAKE_PROFIT,WIN,0.8642099151051583
V,2026-01-28,2026-01-29,116.95612666488238,140.76890994355222,4585.067629137561,109183.22177069727,0.20360441096772353,2,TAKE_PROFIT,WIN,0.9389008087057155
HSBA.L,2026-01-30,2026-01-30,130.2837481244648,154.83145104159465,4259.219775894602,104554.06171742501,0.18841722985800594,1,TAKE_PROFIT,WIN,0.856830719608479
WES.AX,2026-01-28,2026-01-30,97.27605711365868,85.16879187635288,3718.8530063916346,-45025.139726935595,-0.124462952102998,3,STOP_LOSS,LOSS,0.8362044162137824
META,2026-02-02,2026-02-02,116.60495358931188,139.79715511793887,3702.745645816625,85874.82322702528,0.19889550842163206,1,TAKE_PROFIT,WIN,0.7473084907501035
BP.L,2026-02-02,2026-02-02,114.22666608586376,141.75726109071647,3452.930371258677,95061.22763107833,0.24101723308774556,1,TAKE_PROFIT,WIN,0.5661565891078274
GOOGL,2026-01-30,2026-02-02,114.05503361851302,149.00518549038145,2704.522027963698,94523.45561814483,0.3064323490427295,2,TAKE_PROFIT,WIN,0.601879332444772
AMZN,2026-02-03,2026-02-03,101.27364575977872,117.2311276458047,3801.454152332677,60661.63577640697,0.15756796120362018,1,TAKE_PROFIT,WIN,0.7596541603332851
NAB.AX,2026-02-03,2026-02-03,104.8810634453993,126.61478247020092,5002.6215151150145,108725.57039693708,0.20722252722119006,1,TAKE_PROFIT,WIN,0.8148587755730662
NVDA,2026-02-03,2026-02-03,108.22516777559777,138.7715456296583,6632.073101516447,202585.81091467268,0.2822483760653318,1,TAKE_PROFIT,WIN,0.8630550021179219
NAB.AX,2026-02-04,2026-02-04,99.07444068634352,151.3186438665911,4603.675421564963,240515.35410015174,0.5273227163163681,1,TAKE_PROFIT,WIN,0.75318197235552
WES.AX,2026-02-04,2026-02-04,119.90485981531083,158.45502888241543,5227.83189305691,201533.80333174544,0.3215063103070496,1,TAKE_PROFIT,WIN,0.815105330437306
META,2026-02-04,2026-02-04,121.13479829927729,169.2881870077568,5102.192565539727,245687.8618739487,0.39751903981803044,1,TAKE_PROFIT,WIN,0.6530533511128123
WBC.AX,2026-02-05,2026-02-05,114.81887672178541,168.06696282577693,5473.724850594952,291465.37215403817,0.4637572464065779,1,TAKE_PROFIT,WIN,0.812815228308188
MQG.AX,2026-02-05,2026-02-06,118.72818540916975,159.8470356392612,3788.1238156807117,155763.29583001777,0.3463276229514051,2,TAKE_PROFIT,WIN,0.4848815677675318
WOW.AX,2026-02-09,2026-02-09,109.41839570557661,134.03233311112305,4559.62671864981,112230.3666455035,0.2249524611179431,1,TAKE_PROFIT,WIN,0.5457024368652535
CBA.AX,2026-02-10,2026-02-11,105.74111931700192,124.9756584275595,4360.931397343768,83880.50552066724,0.1819021704592917,2,TAKE_PROFIT,WIN,0.48274811802111695
SHEL.L,2026-02-06,2026-02-11,109.45771579550697,141.25611177158845,4208.026010632223,133808.4773637338,0.2905084922061449,4,TAKE_PROFIT,WIN,0.5248309620943484
JPM,2026-02-12,2026-02-12,127.12453462714873,146.78361972503257,6004.708015518371,118047.06586502085,0.1546443033639664,1,TAKE_PROFIT,WIN,0.8399665587266043
DGE.L,2026-02-05,2026-02-12,106.15634953832664,128.31461699517638,7919.605004423953,175484.72584063164,0.2087323796759772,6,TAKE_PROFIT,WIN,0.7498955723870874
HSBA.L,2026-02-13,2026-02-13,111.76205021893254,140.5706466722261,7705.143909202295,221974.38149476156,0.257767251020001,1,TAKE_PROFIT,WIN,0.9016125748359185
GOOGL,2026-02-13,2026-02-13,89.69784683510944,117.8977203400869,10540.104431666918,297229.6117022594,0.3143874072787608,1,TAKE_PROFIT,WIN,0.7783853557774701
AMZN,2026-02-12,2026-02-13,98.84481203147811,129.9129174497002,7179.598565350403,223056.52508882224,0.31431194798901657,2,TAKE_PROFIT,WIN,0.635574597122671
AAPL,2026-02-16,2026-02-16,107.87474306065236,163.2650282070479,9207.066695771935,509982.04964068916,0.5134685244650126,1,TAKE_PROFIT,WIN,0.6102614269712696
ANZ.AX,2026-02-17,2026-02-17,123.43395460136216,158.40756783495507,7911.315983956359,276687.3053916312,0.2833386757034758,1,TAKE_PROFIT,WIN,0.7425290557037609
ANZ.AX,2026-02-16,2026-02-17,87.1526899097921,117.7535459460967,7369.905231503555,225525.40899044834,0.35111774596949547,2,TAKE_PROFIT,WIN,0.5816065048971781
DGE.L,2026-02-16,2026-02-17,107.14937785019876,124.54353968924919,8922.997995094598,155208.07121619792,0.16233563076183702,2,TAKE_PROFIT,WIN,0.7112421558814203
AAPL,2026-02-18,2026-02-19,91.43768441705853,90.77605015253846,7842.963705464414,-5189.17352292256,-0.007235903541720018,2,STOP_LOSS,LOSS,0.5751049371125302
AMZN,2026-02-18,2026-02-19,112.91687382348702,109.39910252515851,10976.396725465514,-38612.45335990959,-0.031153637000502936,2,STOP_LOSS,LOSS,0.6400549436411576
WBC.AX,2026-02-20,2026-02-20,129.68400537667003,191.53626072792008,5491.123367725804,339638.3647057925,0.47694590533041303,1,TAKE_PROFIT,WIN,0.518593087794079
V,2026-02-23,2026-02-23,109.96098216605472,133.96019759356037,8237.497394741278,197693.47455991246,0.2182521013795953,1,TAKE_PROFIT,WIN,0.6273281863194451
MQG.AX,2026-02-20,2026-02-23,137.7943978462985,168.78613850917387,5623.7810185476765,174290.76287163072,0.22491292205830335,2,TAKE_PROFIT,WIN,0.48585789106229116
BHP.AX,2026-02-24,2026-02-24,117.00498592384571,170.52190155087564,9112.861987624312,487692.2661124584,0.45739004371883885,1,TAKE_PROFIT,WIN,0.6065396128735967
CBA.AX,2026-02-18,2026-02-24,122.8183084440457,126.85506716672847,11041.612674770147,44572.32627736288,0.0328677277339465,5,STOP_LOSS,WIN,0.8624306319026562
MSFT,2026-02-24,2026-02-25,115.83330555481139,133.6183759408537,11302.354544635646,201013.17110435013,0.1535402128157912,2,TAKE_PROFIT,WIN,0.9144238878685449
GSK.L,2026-02-25,2026-02-26,141.31461407501246,167.3502764925904,8694.13567591912,226357.5814708511,0.18423899458663012,2,TAKE_PROFIT,WIN,0.7742668749480984
VOD.L,2026-02-25,2026-02-26,90.26135328941692,109.64040609873261,12332.882324830885,238999.5778639738,0.21469933812290706,2,TAKE_PROFIT,WIN,0.5793282839980931
TSLA,2026-02-27,2026-02-27,103.00747868361573,140.6911749866562,13065.791131446173,492367.304956377,0.3658345664277908,1,TAKE_PROFIT,WIN,0.8942462955723124
GSK.L,2026-02-26,2026-02-27,86.97724505317497,109.55575518017739,17897.121534522517,404090.3398114098,0.2595910012233508,2,TAKE_PROFIT,WIN,0.947243322330574
