{
  "start_time": "2025-11-07T09:52:20.509451+11:00",
  "end_time": null,
  "duration_seconds": null,
  "spi_sentiment": {
    "timestamp": "2025-11-07T09:52:20.865349+11:00",
    "asx_200": {
      "available": true,
      "symbol": "^AXJO",
      "last_close": 8828.2998046875,
      "prev_close": 8813.7001953125,
      "change_pct": 0.16564676641445886,
      "five_day_change_pct": 0.16564676641445886,
      "volume": 0,
      "last_updated": "2025-11-06T00:00:00+11:00"
    },
    "us_markets": {
      "SP500": {
        "symbol": "^GSPC",
        "last_close": 6720.31982421875,
        "prev_close": 6771.5498046875,
        "change_pct": -0.7565473480426422,
        "volume": 3602126000,
        "last_updated": "2025-11-06T00:00:00-05:00"
      },
      "Nasdaq": {
        "symbol": "^IXIC",
        "last_close": 23053.9921875,
        "prev_close": 23348.640625,
        "change_pct": -1.2619511441043476,
        "volume": 9990638000,
        "last_updated": "2025-11-06T00:00:00-05:00"
      },
      "Dow": {
        "symbol": "^DJI",
        "last_close": 46912.30078125,
        "prev_close": 47085.23828125,
        "change_pct": -0.36728602490446804,
        "volume": 552155150,
        "last_updated": "2025-11-06T00:00:00-05:00"
      }
    },
    "gap_prediction": {
      "predicted_gap_pct": -0.5397055444517873,
      "confidence": 90,
      "direction": "bearish",
      "us_weighted_change": -0.830316222233519,
      "correlation_used": 0.65,
      "threshold": 0.3
    },
    "sentiment_score": 58.650465045386134,
    "recommendation": {
      "stance": "HOLD",
      "message": "Cautious sentiment. Maintain current positions.",
      "expected_open": "-0.54%",
      "confidence": "90%",
      "risk_level": "LOW"
    },
    "overnight_summary": {
      "generated_at": "2025-11-07 09:52:20 AEDT",
      "market_status": "PRE_MARKET",
      "key_levels": {
        "resistance_1": 8916.58,
        "resistance_2": 9004.87,
        "support_1": 8740.02,
        "support_2": 8651.73,
        "pivot": 8828.3
      }
    }
  },
  "report_path": "reports/morning_reports/2025-11-07_morning_report.html",
  "statistics": {},
  "errors": [],
  "warnings": [],
  "top_opportunities": [
    {
      "symbol": "ANZ.AX",
      "name": "ANZ Group Holdings Limited",
      "opportunity_score": 72.27,
      "prediction": "HOLD",
      "confidence": 49.0
    }
  ]
}