{
  "status": "success",
  "timestamp": "2025-11-07T12:52:24.724388+11:00",
  "execution_time_seconds": 6,
  "execution_time_minutes": 0.11,
  "statistics": {
    "total_stocks_scanned": 5,
    "top_opportunities_count": 1,
    "high_confidence_count": 0,
    "buy_signals": 0,
    "sell_signals": 0,
    "hold_signals": 5
  },
  "market_sentiment": {
    "score": 58.650465045386134,
    "gap_prediction": -0.5397055444517873,
    "direction": "bearish",
    "recommendation": "HOLD"
  },
  "top_opportunities": [
    {
      "symbol": "ANZ.AX",
      "name": "ANZ Group Holdings Limited",
      "score": 72.27,
      "prediction": "HOLD",
      "confidence": 49.0,
      "price": 36.84000015258789
    }
  ],
  "report_path": "reports/morning_reports/2025-11-07_market_report.html",
  "errors": [],
  "warnings": []
}