{
  "last_updated": "2025-11-06",
  "market": "ASX",
  "sectors": {
    "Financials": {
      "description": "Banks, Insurance, Financial Services",
      "stocks": [
        "CBA.AX", "WBC.AX", "ANZ.AX", "NAB.AX", "MQG.AX",
        "AMP.AX", "SUN.AX", "QBE.AX", "IAG.AX", "BEN.AX",
        "BOQ.AX", "BNK.AX", "MPL.AX", "PPT.AX", "NHF.AX",
        "ASX.AX", "CWN.AX", "SDF.AX", "IFL.AX", "BKW.AX",
        "MYR.AX", "HUM.AX", "PTM.AX", "PDL.AX", "EQT.AX",
        "NWL.AX", "CPU.AX", "PNI.AX", "FSF.AX", "MOC.AX"
      ],
      "weight": 1.2
    },
    "Materials": {
      "description": "Mining, Metals, Resources",
      "stocks": [
        "BHP.AX", "RIO.AX", "FMG.AX", "MIN.AX", "S32.AX",
        "NCM.AX", "EVN.AX", "STO.AX", "WDS.AX", "OZL.AX",
        "IGO.AX", "NST.AX", "SFR.AX", "AWC.AX", "WHC.AX",
        "IPL.AX", "LYC.AX", "PLS.AX", "AKE.AX", "CHN.AX",
        "SYR.AX", "ILU.AX", "RRL.AX", "GOR.AX", "RED.AX",
        "PAN.AX", "DRR.AX", "SAR.AX", "MIN.AX", "NHC.AX"
      ],
      "weight": 1.3
    },
    "Healthcare": {
      "description": "Pharmaceuticals, Medical Devices, Healthcare Services",
      "stocks": [
        "CSL.AX", "COH.AX", "RMD.AX", "SHL.AX", "RHC.AX",
        "FPH.AX", "PME.AX", "NAN.AX", "RBD.AX", "MVF.AX",
        "SOM.AX", "VEA.AX", "ALU.AX", "HLS.AX", "EHL.AX",
        "PRU.AX", "ABL.AX", "ANN.AX", "MDX.AX", "BTH.AX",
        "BVS.AX", "IMU.AX", "DMP.AX", "BNO.AX", "RMY.AX",
        "ACR.AX", "EMD.AX", "PHG.AX", "TLX.AX", "GHC.AX"
      ],
      "weight": 1.1
    },
    "Consumer_Staples": {
      "description": "Retail, Food & Beverage, Consumer Goods",
      "stocks": [
        "WES.AX", "WOW.AX", "COL.AX", "EDV.AX", "A2M.AX",
        "BKL.AX", "SUL.AX", "DMP.AX", "BGA.AX", "CCL.AX",
        "ANN.AX", "ING.AX", "MTS.AX", "PMV.AX", "BAP.AX",
        "GNC.AX", "TPG.AX", "LOV.AX", "FBU.AX", "RFG.AX",
        "AHY.AX", "CLV.AX", "JBH.AX", "HVN.AX", "MYX.AX",
        "SUL.AX", "NWS.AX", "IVC.AX", "KGN.AX", "APE.AX"
      ],
      "weight": 1.0
    },
    "Technology": {
      "description": "IT Services, Software, Fintech",
      "stocks": [
        "XRO.AX", "WTC.AX", "CPU.AX", "NXT.AX", "APX.AX",
        "TNE.AX", "MP1.AX", "COD.AX", "WEB.AX", "DTL.AX",
        "ALU.AX", "RDY.AX", "EML.AX", "CAR.AX", "REA.AX",
        "SEK.AX", "IVC.AX", "LNK.AX", "MYX.AX", "ZIP.AX",
        "HUB.AX", "SPL.AX", "PPS.AX", "ISD.AX", "BYI.AX",
        "SWM.AX", "DXB.AX", "PME.AX", "DHG.AX", "VHT.AX"
      ],
      "weight": 1.4
    },
    "Energy": {
      "description": "Oil, Gas, Renewables",
      "stocks": [
        "ORG.AX", "STO.AX", "WDS.AX", "WHC.AX", "NHC.AX",
        "SXY.AX", "BPT.AX", "COE.AX", "CVN.AX", "STO.AX",
        "BRU.AX", "APA.AX", "BRG.AX", "ICN.AX", "RLE.AX",
        "GGE.AX", "INF.AX", "NXS.AX", "EPD.AX", "EPW.AX",
        "TLT.AX", "PRL.AX", "FPR.AX", "TAW.AX", "LKE.AX",
        "AJQ.AX", "WPL.AX", "SBM.AX", "TAP.AX", "GEN.AX"
      ],
      "weight": 1.2
    },
    "Industrials": {
      "description": "Infrastructure, Transport, Construction",
      "stocks": [
        "TCL.AX", "QAN.AX", "SYD.AX", "ASX.AX", "SEK.AX",
        "BXB.AX", "DOW.AX", "AZJ.AX", "SVW.AX", "SGM.AX",
        "BSL.AX", "TWE.AX", "ALQ.AX", "CIA.AX", "BKW.AX",
        "CCX.AX", "TNE.AX", "DXS.AX", "NWH.AX", "HSO.AX",
        "CIP.AX", "BOC.AX", "FLT.AX", "CTD.AX", "RMC.AX",
        "VRL.AX", "BLD.AX", "DDR.AX", "SRX.AX", "ACR.AX"
      ],
      "weight": 1.0
    },
    "Real_Estate": {
      "description": "REITs, Property Development",
      "stocks": [
        "GMG.AX", "SCG.AX", "GPT.AX", "MGR.AX", "VCX.AX",
        "CHC.AX", "CLW.AX", "DXS.AX", "BWP.AX", "HMC.AX",
        "LLC.AX", "URW.AX", "CQR.AX", "HPI.AX", "CMW.AX",
        "GOZ.AX", "360.AX", "SCP.AX", "BWR.AX", "NSR.AX",
        "HMC.AX", "MDR.AX", "ABP.AX", "RFF.AX", "CQE.AX",
        "PRG.AX", "VTP.AX", "AQR.AX", "HMG.AX", "INA.AX"
      ],
      "weight": 0.9
    }
  },
  "selection_criteria": {
    "min_market_cap": 500000000,
    "min_avg_volume": 500000,
    "min_price": 0.50,
    "min_listing_days": 365,
    "beta_min": 0.5,
    "beta_max": 2.5,
    "exclude_suspended": true,
    "exclude_trading_halt": true
  },
  "notes": "Stock lists are updated quarterly. Weights reflect sector importance in ASX 200."
}
