{
  "CBA.AX": {
    "symbol": "CBA.AX",
    "status": "success",
    "training_results": {
      "error": "TensorFlow not available"
    },
    "test_prediction": {
      "prediction": "HOLD",
      "predicted_price": 171.25,
      "current_price": 170.4,
      "predicted_change": 0.85,
      "predicted_change_percent": 0.5,
      "confidence": 55,
      "model_type": "Simple (LSTM not trained)",
      "model_accuracy": 65.0,
      "timestamp": "2025-10-29T10:32:23.891007"
    },
    "metadata_path": "models/lstm_CBA.AX_metadata.json"
  }
}