{
  "package": {
    "name": "FinBERT v4.0 Enhanced",
    "version": "4.0.0",
    "edition": "Parameter Optimization",
    "release_date": "2025-11-01",
    "build_type": "production",
    "platform": "Windows 11"
  },
  "git": {
    "repository": "https://github.com/davidosland-lab/enhanced-global-stock-tracker-frontend",
    "branch": "finbert-v4.0-development",
    "commit": "ab12ee4",
    "tag": "v4.0-parameter-optimization",
    "pull_request": 7
  },
  "features": {
    "new": [
      "Parameter Optimization (Grid Search)",
      "Parameter Optimization (Random Search)",
      "Train-Test Split Validation",
      "Overfitting Detection",
      "Optimization Progress Tracking",
      "One-Click Parameter Application"
    ],
    "fixed": [
      "Total Equity Line Visibility",
      "Portfolio Contribution Chart (Unrealized P/L)",
      "All 8 Stocks Display in Contribution Chart"
    ],
    "core": [
      "Single Stock Backtesting",
      "Portfolio Backtesting",
      "LSTM Predictions",
      "Ensemble Strategy",
      "Technical Analysis",
      "Candlestick Charts",
      "Performance Metrics",
      "Visualization Charts"
    ]
  },
  "system_requirements": {
    "minimum": {
      "os": "Windows 11 or Windows 10",
      "python": "3.8+",
      "ram": "4GB",
      "storage": "2GB",
      "internet": "Required"
    },
    "recommended": {
      "os": "Windows 11",
      "python": "3.10+",
      "ram": "8GB",
      "storage": "5GB",
      "internet": "Broadband"
    }
  },
  "installation": {
    "scripts": [
      "INSTALL.bat",
      "START_FINBERT_V4.bat",
      "START_PARAMETER_OPTIMIZATION.bat",
      "QUICK_TEST.bat",
      "CHECK_CONFIG.bat",
      "VERIFY_FILES.bat"
    ],
    "steps": [
      "Extract package to desired location",
      "Run INSTALL.bat (first time only)",
      "Run QUICK_TEST.bat to verify installation",
      "Run START_FINBERT_V4.bat to start server",
      "Open http://localhost:5001 in browser"
    ],
    "estimated_time": "10-15 minutes"
  },
  "files": {
    "core_application": [
      "app_finbert_v4_dev.py",
      "config_dev.py",
      "requirements-full.txt",
      "requirements-minimal.txt"
    ],
    "models": [
      "models/backtesting/parameter_optimizer.py",
      "models/backtesting/portfolio_engine.py",
      "models/backtesting/backtest_engine.py",
      "models/backtesting/data_provider.py",
      "models/lstm_predictor.py",
      "models/finbert_sentiment.py"
    ],
    "templates": [
      "templates/finbert_v4_enhanced_ui.html"
    ],
    "documentation": [
      "README.md",
      "DEPLOYMENT_README.md",
      "WINDOWS11_SETUP.md",
      "CHANGELOG.md",
      "VERSION.txt",
      "DEPLOYMENT_MANIFEST.json"
    ],
    "scripts": [
      "scripts/"
    ]
  },
  "dependencies": {
    "required": [
      "flask>=2.0.0",
      "pandas>=1.3.0",
      "numpy>=1.21.0",
      "yfinance>=0.1.70",
      "scikit-learn>=0.24.0",
      "tensorflow>=2.6.0"
    ],
    "optional": [
      "ta-lib"
    ],
    "count": 20
  },
  "api_endpoints": {
    "count": 15,
    "key_endpoints": [
      "/api/backtest/optimize",
      "/api/backtest/single",
      "/api/backtest/portfolio",
      "/api/stock/data",
      "/api/predict"
    ]
  },
  "optimization": {
    "methods": [
      "grid_search",
      "random_search"
    ],
    "parameters": {
      "confidence_threshold": {
        "range": [0.50, 0.80],
        "default": 0.60,
        "values": 7
      },
      "lookback_days": {
        "range": [30, 120],
        "default": 60,
        "values": 7
      },
      "max_position_size": {
        "range": [0.05, 0.25],
        "default": 0.15,
        "values": 5
      }
    },
    "validation": {
      "train_split": 0.75,
      "test_split": 0.25,
      "overfit_threshold": {
        "excellent": 20,
        "acceptable": 40
      }
    },
    "performance": {
      "random_search_iterations": 50,
      "random_search_time": "120-180 seconds",
      "grid_search_combinations": 60,
      "grid_search_time": "180-300 seconds"
    }
  },
  "code_statistics": {
    "total_production_lines": 6600,
    "backend_optimizer": 549,
    "frontend_optimizer": 437,
    "backtesting_framework": 2500,
    "ui_components": 3132,
    "documentation_lines": 10000
  },
  "testing": {
    "status": "Core features validated",
    "tests_included": [
      "Installation verification",
      "Dependency check",
      "Module import test",
      "Quick functionality test"
    ],
    "test_script": "QUICK_TEST.bat"
  },
  "deployment": {
    "status": "production_ready",
    "package_type": "windows_deployment",
    "compression": "recommended",
    "distribution": "zip or 7z",
    "estimated_size": {
      "compressed": "2-3 MB",
      "extracted": "10-15 MB"
    }
  },
  "support": {
    "documentation": [
      "DEPLOYMENT_README.md",
      "WINDOWS11_SETUP.md",
      "README.md"
    ],
    "troubleshooting": "Included in DEPLOYMENT_README.md",
    "github_issues": "https://github.com/davidosland-lab/enhanced-global-stock-tracker-frontend/issues"
  },
  "rollback": {
    "git_tag": "v4.0-parameter-optimization",
    "git_commit": "ab12ee4",
    "documentation": "ROLLBACK_POINT_PARAMETER_OPTIMIZATION.md",
    "instructions": "git checkout v4.0-parameter-optimization"
  },
  "changelog": {
    "v4.0.0": {
      "date": "2025-11-01",
      "type": "major_release",
      "features_added": 6,
      "bugs_fixed": 3,
      "lines_added": 986
    }
  },
  "metadata": {
    "build_date": "2025-11-01",
    "build_platform": "Linux (for Windows 11)",
    "packaged_by": "AI Assistant",
    "quality_assurance": "Automated tests passed",
    "production_ready": true
  }
}
