{
  "financials": {
    "name": "Financials",
    "stocks": [
      "CBA.AX",
      "NAB.AX",
      "ANZ.AX",
      "WBC.AX",
      "MQG.AX",
      "BOQ.AX",
      "BEN.AX",
      "SUN.AX",
      "IAG.AX",
      "QBE.AX",
      "AMP.AX",
      "ASX.AX"
    ]
  },
  "materials": {
    "name": "Materials",
    "stocks": [
      "BHP.AX",
      "RIO.AX",
      "FMG.AX",
      "MIN.AX",
      "NCM.AX",
      "S32.AX",
      "IGO.AX",
      "OZL.AX",
      "EVN.AX",
      "NST.AX",
      "SFR.AX",
      "RRL.AX"
    ]
  },
  "healthcare": {
    "name": "Healthcare",
    "stocks": [
      "CSL.AX",
      "COH.AX",
      "RMD.AX",
      "SHL.AX",
      "RHC.AX",
      "PME.AX",
      "FPH.AX",
      "API.AX",
      "MPL.AX",
      "HSO.AX"
    ]
  },
  "consumer_discretionary": {
    "name": "Consumer Discretionary",
    "stocks": [
      "WES.AX",
      "WOW.AX",
      "JBH.AX",
      "HVN.AX",
      "SUL.AX",
      "PMV.AX",
      "AX1.AX",
      "TPG.AX",
      "SEK.AX",
      "ARB.AX"
    ]
  },
  "energy": {
    "name": "Energy",
    "stocks": [
      "WDS.AX",
      "STO.AX",
      "ORG.AX",
      "ALD.AX",
      "WHC.AX",
      "NHC.AX",
      "BPT.AX",
      "CVN.AX",
      "SEN.AX",
      "COE.AX"
    ]
  },
  "utilities": {
    "name": "Utilities",
    "stocks": [
      "APA.AX",
      "AGL.AX",
      "ORG.AX",
      "AZJ.AX",
      "SKI.AX"
    ]
  },
  "telecommunications": {
    "name": "Telecommunications",
    "stocks": [
      "TLS.AX",
      "TPG.AX"
    ]
  },
  "industrials": {
    "name": "Industrials",
    "stocks": [
      "TCL.AX",
      "QAN.AX",
      "REA.AX",
      "GMG.AX",
      "SEK.AX",
      "ALX.AX",
      "DOW.AX",
      "BXB.AX",
      "ALQ.AX",
      "NXT.AX"
    ]
  },
  "technology": {
    "name": "Technology",
    "stocks": [
      "WTC.AX",
      "XRO.AX",
      "APX.AX",
      "TNE.AX",
      "CPU.AX",
      "NXT.AX",
      "ALU.AX",
      "LNK.AX",
      "MP1.AX",
      "DTL.AX"
    ]
  },
  "real_estate": {
    "name": "Real Estate",
    "stocks": [
      "SCG.AX",
      "GMG.AX",
      "GPT.AX",
      "MGR.AX",
      "CHC.AX",
      "DXS.AX",
      "VCX.AX",
      "BWP.AX",
      "CLW.AX",
      "GOZ.AX"
    ]
  }
}
