{
  "report_date": "2025-11-07",
  "generated_at": "2025-11-07T12:36:41.135635+11:00",
  "opportunities": [
    {
      "symbol": "ANZ.AX",
      "name": "ANZ Group Holdings Limited",
      "price": 36.84000015258789,
      "market_cap": 110368989184,
      "volume": 5312229,
      "beta": 0.523,
      "pe_ratio": 16.662163,
      "technical": {
        "ma_20": 36.53249988555908,
        "ma_50": 34.585399780273434,
        "rsi": 50.98813216107452,
        "volatility": 0.010568083421179729,
        "price_vs_ma20": 0.8417170135963206,
        "price_vs_ma50": 6.518936853811992
      },
      "score": 89.0,
      "timestamp": "2025-11-07T01:36:41.058415",
      "prediction": "HOLD",
      "confidence": 49.0,
      "expected_return": 2.2931987574950434,
      "components": {
        "lstm": {
          "direction": 0.0,
          "confidence": 0.0
        },
        "trend": {
          "direction": 1.0,
          "confidence": 1.0
        },
        "technical": {
          "direction": 0.15,
          "confidence": 0.7
        },
        "sentiment": {
          "direction": -0.26985277222589366,
          "confidence": 0.9
        }
      },
      "opportunity_score": 72.27,
      "score_breakdown": {
        "prediction_confidence": 24.5,
        "technical_strength": 95.6,
        "spi_alignment": 50.0,
        "liquidity": 100.0,
        "volatility": 94.0,
        "sector_momentum": 89.0,
        "base_total": 67.27
      },
      "score_factors": {
        "adjustments": {
          "penalties": [],
          "bonuses": [
            {
              "type": "sector_leader",
              "amount": 5
            }
          ],
          "total_adjustment": 5
        },
        "prediction": "HOLD",
        "confidence": 49.0
      }
    },
    {
      "symbol": "WBC.AX",
      "name": "Westpac Banking Corporation",
      "price": NaN,
      "market_cap": 134909419520,
      "volume": 4702727,
      "beta": 0.772,
      "pe_ratio": 19.85427,
      "technical": {
        "ma_20": NaN,
        "ma_50": NaN,
        "rsi": 64.23077440865909,
        "volatility": 0.014995340504502463,
        "price_vs_ma20": NaN,
        "price_vs_ma50": NaN
      },
      "score": 66.0,
      "timestamp": "2025-11-07T01:36:41.085680",
      "prediction": "SELL",
      "confidence": 49.0,
      "expected_return": -3.0743012425049567,
      "components": {
        "lstm": {
          "direction": 0.0,
          "confidence": 0.0
        },
        "trend": {
          "direction": -1.0,
          "confidence": 1.0
        },
        "technical": {
          "direction": -0.19999999999999998,
          "confidence": 0.7
        },
        "sentiment": {
          "direction": -0.26985277222589366,
          "confidence": 0.9
        }
      },
      "opportunity_score": 68.29,
      "score_breakdown": {
        "prediction_confidence": 39.2,
        "technical_strength": 65.4,
        "spi_alignment": 95.0,
        "liquidity": 88.0,
        "volatility": 94.0,
        "sector_momentum": 66.0,
        "base_total": 68.29
      },
      "score_factors": {
        "adjustments": {
          "penalties": [],
          "bonuses": [],
          "total_adjustment": 0
        },
        "prediction": "SELL",
        "confidence": 49.0
      }
    },
    {
      "symbol": "NAB.AX",
      "name": "National Australia Bank Limited",
      "price": 44.529998779296875,
      "market_cap": 133834883072,
      "volume": 4239294,
      "beta": 0.646,
      "pe_ratio": 19.64574,
      "technical": {
        "ma_20": 43.6584997177124,
        "ma_50": 43.58359985351562,
        "rsi": 57.65125762940116,
        "volatility": 0.012909197466829885,
        "price_vs_ma20": 1.996172720591456,
        "price_vs_ma50": 2.171456531727754
      },
      "score": 84.0,
      "timestamp": "2025-11-07T01:36:41.043661",
      "prediction": "HOLD",
      "confidence": 36.5,
      "expected_return": 0.41819875749504354,
      "components": {
        "lstm": {
          "direction": 0.0,
          "confidence": 0.0
        },
        "trend": {
          "direction": 0.5,
          "confidence": 0.5
        },
        "technical": {
          "direction": 0.15,
          "confidence": 0.7
        },
        "sentiment": {
          "direction": -0.26985277222589366,
          "confidence": 0.9
        }
      },
      "opportunity_score": 62.695,
      "score_breakdown": {
        "prediction_confidence": 18.25,
        "technical_strength": 93.6,
        "spi_alignment": 50.0,
        "liquidity": 88.0,
        "volatility": 94.0,
        "sector_momentum": 84.0,
        "base_total": 62.695
      },
      "score_factors": {
        "adjustments": {
          "penalties": [],
          "bonuses": [],
          "total_adjustment": 0
        },
        "prediction": "HOLD",
        "confidence": 36.5
      }
    },
    {
      "symbol": "CBA.AX",
      "name": "Commonwealth Bank of Australia",
      "price": 176.35000610351562,
      "market_cap": 296099971072,
      "volume": 1831777,
      "beta": 0.889,
      "pe_ratio": 29.469217,
      "technical": {
        "ma_20": 170.75699920654296,
        "ma_50": 169.04540008544922,
        "rsi": 65.92049176755762,
        "volatility": 0.014296024879229414,
        "price_vs_ma20": 3.2754188249745013,
        "price_vs_ma50": 4.321091265644656
      },
      "score": 81.0,
      "timestamp": "2025-11-07T01:36:41.073897",
      "prediction": "HOLD",
      "confidence": 49.0,
      "expected_return": 1.9256987574950435,
      "components": {
        "lstm": {
          "direction": 0.0,
          "confidence": 0.0
        },
        "trend": {
          "direction": 1.0,
          "confidence": 1.0
        },
        "technical": {
          "direction": -0.19999999999999998,
          "confidence": 0.7
        },
        "sentiment": {
          "direction": -0.26985277222589366,
          "confidence": 0.9
        }
      },
      "opportunity_score": 61.63000000000001,
      "score_breakdown": {
        "prediction_confidence": 24.5,
        "technical_strength": 86.4,
        "spi_alignment": 50.0,
        "liquidity": 76.0,
        "volatility": 100.0,
        "sector_momentum": 81.0,
        "base_total": 61.63000000000001
      },
      "score_factors": {
        "adjustments": {
          "penalties": [],
          "bonuses": [],
          "total_adjustment": 0
        },
        "prediction": "HOLD",
        "confidence": 49.0
      }
    },
    {
      "symbol": "MQG.AX",
      "name": "Macquarie Group Limited",
      "price": 216.42999267578125,
      "market_cap": 77757317120,
      "volume": 590018,
      "beta": 1.119,
      "pe_ratio": 18.386158,
      "technical": {
        "ma_20": 222.3590003967285,
        "ma_50": 221.9549996948242,
        "rsi": 19.115470382961746,
        "volatility": 0.012415100354685155,
        "price_vs_ma20": -2.6664122928996967,
        "price_vs_ma50": -2.489246480881051
      },
      "score": 69.0,
      "timestamp": "2025-11-07T01:36:41.128899",
      "prediction": "HOLD",
      "confidence": 36.5,
      "expected_return": -0.0968012425049565,
      "components": {
        "lstm": {
          "direction": 0.0,
          "confidence": 0.0
        },
        "trend": {
          "direction": -0.5,
          "confidence": 0.5
        },
        "technical": {
          "direction": 0.85,
          "confidence": 0.7
        },
        "sentiment": {
          "direction": -0.26985277222589366,
          "confidence": 0.9
        }
      },
      "opportunity_score": 53.394999999999996,
      "score_breakdown": {
        "prediction_confidence": 18.25,
        "technical_strength": 69.6,
        "spi_alignment": 50.0,
        "liquidity": 64.0,
        "volatility": 100.0,
        "sector_momentum": 69.0,
        "base_total": 53.394999999999996
      },
      "score_factors": {
        "adjustments": {
          "penalties": [],
          "bonuses": [],
          "total_adjustment": 0
        },
        "prediction": "HOLD",
        "confidence": 36.5
      }
    }
  ],
  "spi_sentiment": {
    "timestamp": "2025-11-07T12:36:39.485182+11:00",
    "asx_200": {
      "available": true,
      "symbol": "^AXJO",
      "last_close": 8812.900390625,
      "prev_close": 8813.7001953125,
      "change_pct": -0.009074561986183397,
      "five_day_change_pct": -0.009074561986183397,
      "volume": 0,
      "last_updated": "2025-11-07T00:00:00+11:00"
    },
    "us_markets": {
      "SP500": {
        "symbol": "^GSPC",
        "last_close": 6720.31982421875,
        "prev_close": 6771.5498046875,
        "change_pct": -0.7565473480426422,
        "volume": 3602126000,
        "last_updated": "2025-11-06T00:00:00-05:00"
      },
      "Nasdaq": {
        "symbol": "^IXIC",
        "last_close": 23053.9921875,
        "prev_close": 23348.640625,
        "change_pct": -1.2619511441043476,
        "volume": 9990638000,
        "last_updated": "2025-11-06T00:00:00-05:00"
      },
      "Dow": {
        "symbol": "^DJI",
        "last_close": 46912.30078125,
        "prev_close": 47085.23828125,
        "change_pct": -0.36728602490446804,
        "volume": 552155150,
        "last_updated": "2025-11-06T00:00:00-05:00"
      }
    },
    "gap_prediction": {
      "predicted_gap_pct": -0.5397055444517873,
      "confidence": 90,
      "direction": "bearish",
      "us_weighted_change": -0.830316222233519,
      "correlation_used": 0.65,
      "threshold": 0.3
    },
    "sentiment_score": 58.650465045386134,
    "recommendation": {
      "stance": "HOLD",
      "message": "Cautious sentiment. Maintain current positions.",
      "expected_open": "-0.54%",
      "confidence": "90%",
      "risk_level": "LOW"
    },
    "overnight_summary": {
      "generated_at": "2025-11-07 12:36:39 AEDT",
      "market_status": "ASX_OPEN",
      "key_levels": {
        "resistance_1": 8901.03,
        "resistance_2": 8989.16,
        "support_1": 8724.77,
        "support_2": 8636.64,
        "pivot": 8812.9
      }
    }
  },
  "sector_summary": {
    "Financials": {
      "total_stocks": 5,
      "avg_score": 77.8,
      "max_score": 89.0,
      "min_score": 66.0,
      "avg_market_cap": 150594115993.6,
      "avg_volume": 3335209.0,
      "top_stock": "ANZ.AX",
      "top_5_stocks": [
        "ANZ.AX",
        "WBC.AX",
        "NAB.AX",
        "CBA.AX",
        "MQG.AX"
      ]
    }
  },
  "system_stats": {
    "total_scanned": 5,
    "buy_signals": 0,
    "sell_signals": 1,
    "processing_time_seconds": 300,
    "lstm_status": "Not Available"
  }
}