{
  "report_date": "2025-11-10",
  "generated_at": "2025-11-10T11:18:21.723706+11:00",
  "opportunities": [
    {
      "symbol": "NXT.AX",
      "name": "NXT.AX",
      "price": 104.63,
      "market_cap": 0,
      "volume": 2768178,
      "beta": 1.0,
      "pe_ratio": null,
      "technical": {
        "ma_20": 95.964,
        "ma_50": 81.725,
        "rsi": 66.43109540636041,
        "volatility": 0.038368365279532246,
        "price_vs_ma20": 9.03046975949314,
        "price_vs_ma50": 28.026919547262164
      },
      "score": 74.0,
      "timestamp": "2025-11-10T00:18:21.714682",
      "sector": "Technology",
      "sector_weight": 1.4,
      "prediction": "BUY",
      "confidence": 60.699999999999996,
      "expected_return": 3.8116680212363607,
      "components": {
        "lstm": {
          "direction": 0.061674876847290554,
          "confidence": 0.4
        },
        "trend": {
          "direction": 1.0,
          "confidence": 1.0
        },
        "technical": {
          "direction": -0.29,
          "confidence": 0.7
        },
        "sentiment": {
          "direction": 0.009955153562983142,
          "confidence": 0.48
        }
      },
      "opportunity_score": 71.672,
      "score_breakdown": {
        "prediction_confidence": 72.83999999999999,
        "technical_strength": 83.60000000000001,
        "spi_alignment": 50.0,
        "liquidity": 64.0,
        "volatility": 85.99999999999999,
        "sector_momentum": 74.0,
        "base_total": 71.672
      },
      "score_factors": {
        "adjustments": {
          "penalties": [],
          "bonuses": [],
          "total_adjustment": 0
        },
        "prediction": "BUY",
        "confidence": 60.699999999999996
      }
    },
    {
      "symbol": "WBC.AX",
      "name": "WBC.AX",
      "price": 136.46,
      "market_cap": 0,
      "volume": 1205874,
      "beta": 1.0,
      "pe_ratio": null,
      "technical": {
        "ma_20": 135.4655,
        "ma_50": 134.5332,
        "rsi": 65.86433260393905,
        "volatility": 0.00955865249433461,
        "price_vs_ma20": 0.7341352595310366,
        "price_vs_ma50": 1.4322115284554402
      },
      "score": 66.0,
      "timestamp": "2025-11-10T00:17:33.792733",
      "sector": "Financials",
      "sector_weight": 1.2,
      "prediction": "BUY",
      "confidence": 60.699999999999996,
      "expected_return": 3.78837495830399,
      "components": {
        "lstm": {
          "direction": 0.0013199384028745825,
          "confidence": 0.4
        },
        "trend": {
          "direction": 1.0,
          "confidence": 1.0
        },
        "technical": {
          "direction": -0.19999999999999998,
          "confidence": 0.7
        },
        "sentiment": {
          "direction": 0.009955153562983142,
          "confidence": 0.48
        }
      },
      "opportunity_score": 69.83200000000001,
      "score_breakdown": {
        "prediction_confidence": 72.83999999999999,
        "technical_strength": 80.4,
        "spi_alignment": 50.0,
        "liquidity": 52.0,
        "volatility": 100.0,
        "sector_momentum": 66.0,
        "base_total": 69.83200000000001
      },
      "score_factors": {
        "adjustments": {
          "penalties": [],
          "bonuses": [],
          "total_adjustment": 0
        },
        "prediction": "BUY",
        "confidence": 60.699999999999996
      }
    },
    {
      "symbol": "RIO.AX",
      "name": "RIO.AX",
      "price": 69.33,
      "market_cap": 0,
      "volume": 3558710,
      "beta": 1.0,
      "pe_ratio": null,
      "technical": {
        "ma_20": 69.7935,
        "ma_50": 66.43700000000001,
        "rsi": 50.39370078740159,
        "volatility": 0.01568483945062214,
        "price_vs_ma20": -0.6641019579187121,
        "price_vs_ma50": 4.354501256829757
      },
      "score": 72.0,
      "timestamp": "2025-11-10T00:17:16.761613",
      "sector": "Materials",
      "sector_weight": 1.3,
      "prediction": "HOLD",
      "confidence": 48.2,
      "expected_return": 1.5279319917331893,
      "components": {
        "lstm": {
          "direction": -0.029558050305528098,
          "confidence": 0.4
        },
        "trend": {
          "direction": 0.5,
          "confidence": 0.5
        },
        "technical": {
          "direction": 0.15,
          "confidence": 0.7
        },
        "sentiment": {
          "direction": 0.009955153562983142,
          "confidence": 0.48
        }
      },
      "opportunity_score": 56.28999999999999,
      "score_breakdown": {
        "prediction_confidence": 24.1,
        "technical_strength": 73.8,
        "spi_alignment": 50.0,
        "liquidity": 64.0,
        "volatility": 100.0,
        "sector_momentum": 72.0,
        "base_total": 56.28999999999999
      },
      "score_factors": {
        "adjustments": {
          "penalties": [],
          "bonuses": [],
          "total_adjustment": 0
        },
        "prediction": "HOLD",
        "confidence": 48.2
      }
    },
    {
      "symbol": "COH.AX",
      "name": "COH.AX",
      "price": 39.9,
      "market_cap": 0,
      "volume": 3016490,
      "beta": 1.0,
      "pe_ratio": null,
      "technical": {
        "ma_20": 39.792500000000004,
        "ma_50": 40.4304,
        "rsi": 49.02343749999999,
        "volatility": 0.019163343099345684,
        "price_vs_ma20": 0.27015141044165253,
        "price_vs_ma50": -1.3118841267956791
      },
      "score": 61.0,
      "timestamp": "2025-11-10T00:17:45.720784",
      "sector": "Healthcare",
      "sector_weight": 1.1,
      "prediction": "HOLD",
      "confidence": 35.7,
      "expected_return": 0.3710838949740487,
      "components": {
        "lstm": {
          "direction": -0.017883755588673594,
          "confidence": 0.4
        },
        "trend": {
          "direction": 0.0,
          "confidence": 0.0
        },
        "technical": {
          "direction": 0.15,
          "confidence": 0.7
        },
        "sentiment": {
          "direction": 0.009955153562983142,
          "confidence": 0.48
        }
      },
      "opportunity_score": 55.43499999999999,
      "score_breakdown": {
        "prediction_confidence": 17.85,
        "technical_strength": 84.39999999999999,
        "spi_alignment": 50.0,
        "liquidity": 64.0,
        "volatility": 100.0,
        "sector_momentum": 61.0,
        "base_total": 55.43499999999999
      },
      "score_factors": {
        "adjustments": {
          "penalties": [],
          "bonuses": [],
          "total_adjustment": 0
        },
        "prediction": "HOLD",
        "confidence": 35.7
      }
    },
    {
      "symbol": "BHP.AX",
      "name": "BHP.AX",
      "price": 55.16,
      "market_cap": 0,
      "volume": 3345173,
      "beta": 1.0,
      "pe_ratio": null,
      "technical": {
        "ma_20": 56.1395,
        "ma_50": 55.2258,
        "rsi": 41.201716738197426,
        "volatility": 0.016934162163911755,
        "price_vs_ma20": -1.7447608190311663,
        "price_vs_ma50": -0.11914721018075422
      },
      "score": 67.0,
      "timestamp": "2025-11-10T00:17:21.702545",
      "sector": "Materials",
      "sector_weight": 1.3,
      "prediction": "HOLD",
      "confidence": 48.2,
      "expected_return": -1.0867326349381186,
      "components": {
        "lstm": {
          "direction": -0.035262689225289474,
          "confidence": 0.4
        },
        "trend": {
          "direction": -0.5,
          "confidence": 0.5
        },
        "technical": {
          "direction": 0.15,
          "confidence": 0.7
        },
        "sentiment": {
          "direction": 0.009955153562983142,
          "confidence": 0.48
        }
      },
      "opportunity_score": 55.39000000000001,
      "score_breakdown": {
        "prediction_confidence": 24.1,
        "technical_strength": 71.8,
        "spi_alignment": 50.0,
        "liquidity": 64.0,
        "volatility": 100.0,
        "sector_momentum": 67.0,
        "base_total": 55.39000000000001
      },
      "score_factors": {
        "adjustments": {
          "penalties": [],
          "bonuses": [],
          "total_adjustment": 0
        },
        "prediction": "HOLD",
        "confidence": 48.2
      }
    },
    {
      "symbol": "RMD.AX",
      "name": "RMD.AX",
      "price": 251.49,
      "market_cap": 0,
      "volume": 1297792,
      "beta": 1.0,
      "pe_ratio": null,
      "technical": {
        "ma_20": 259.599,
        "ma_50": 268.4588,
        "rsi": 22.78688524590163,
        "volatility": 0.012724468428896076,
        "price_vs_ma20": -3.1236638045601026,
        "price_vs_ma50": -6.320820922987061
      },
      "score": 51.0,
      "timestamp": "2025-11-10T00:17:57.716163",
      "sector": "Healthcare",
      "sector_weight": 1.1,
      "prediction": "HOLD",
      "confidence": 60.699999999999996,
      "expected_return": -2.575950613365305,
      "components": {
        "lstm": {
          "direction": 0.02040570395661796,
          "confidence": 0.4
        },
        "trend": {
          "direction": -1.0,
          "confidence": 1.0
        },
        "technical": {
          "direction": 0.85,
          "confidence": 0.7
        },
        "sentiment": {
          "direction": 0.009955153562983142,
          "confidence": 0.48
        }
      },
      "opportunity_score": 51.98500000000001,
      "score_breakdown": {
        "prediction_confidence": 30.349999999999998,
        "technical_strength": 62.40000000000001,
        "spi_alignment": 50.0,
        "liquidity": 52.0,
        "volatility": 100.0,
        "sector_momentum": 51.0,
        "base_total": 51.98500000000001
      },
      "score_factors": {
        "adjustments": {
          "penalties": [],
          "bonuses": [],
          "total_adjustment": 0
        },
        "prediction": "HOLD",
        "confidence": 60.699999999999996
      }
    },
    {
      "symbol": "CSL.AX",
      "name": "CSL.AX",
      "price": 318.41,
      "market_cap": 0,
      "volume": 525223,
      "beta": 1.0,
      "pe_ratio": null,
      "technical": {
        "ma_20": 329.06,
        "ma_50": 341.30800000000005,
        "rsi": 39.744312840759584,
        "volatility": 0.024578957555441074,
        "price_vs_ma20": -3.236491825199045,
        "price_vs_ma50": -6.708896363401977
      },
      "score": 40.0,
      "timestamp": "2025-11-10T00:18:09.772175",
      "sector": "Healthcare",
      "sector_weight": 1.1,
      "prediction": "SELL",
      "confidence": 60.699999999999996,
      "expected_return": -3.5280135145119944,
      "components": {
        "lstm": {
          "direction": -0.043984396596737835,
          "confidence": 0.4
        },
        "trend": {
          "direction": -1.0,
          "confidence": 1.0
        },
        "technical": {
          "direction": 0.41,
          "confidence": 0.7
        },
        "sentiment": {
          "direction": 0.009955153562983142,
          "confidence": 0.48
        }
      },
      "opportunity_score": 51.668000000000006,
      "score_breakdown": {
        "prediction_confidence": 48.56,
        "technical_strength": 55.00000000000001,
        "spi_alignment": 50.0,
        "liquidity": 40.0,
        "volatility": 85.99999999999999,
        "sector_momentum": 40.0,
        "base_total": 51.668000000000006
      },
      "score_factors": {
        "adjustments": {
          "penalties": [],
          "bonuses": [],
          "total_adjustment": 0
        },
        "prediction": "SELL",
        "confidence": 60.699999999999996
      }
    }
  ],
  "spi_sentiment": {
    "timestamp": "2025-11-10T11:15:18.199638+11:00",
    "asx_200": {
      "available": true,
      "symbol": "^AXJO",
      "last_close": 8790.599609375,
      "prev_close": 8769.7001953125,
      "change_pct": 0.23831389439824824,
      "five_day_change_pct": -0.26209861267786116,
      "volume": 0,
      "last_updated": "2025-11-10T00:00:00+11:00"
    },
    "us_markets": {
      "SP500": {
        "symbol": "^GSPC",
        "last_close": 6728.7998046875,
        "prev_close": 6720.31982421875,
        "change_pct": 0.12618418007711132,
        "volume": 5926070000,
        "last_updated": "2025-11-07T00:00:00-05:00"
      },
      "Nasdaq": {
        "symbol": "^IXIC",
        "last_close": 23004.5390625,
        "prev_close": 23053.990234375,
        "change_pct": -0.21450157379378554,
        "volume": 10141910000,
        "last_updated": "2025-11-07T00:00:00-05:00"
      },
      "Dow": {
        "symbol": "^DJI",
        "last_close": 46987.1015625,
        "prev_close": 46912.30078125,
        "change_pct": 0.15944811915917909,
        "volume": 591090000,
        "last_updated": "2025-11-07T00:00:00-05:00"
      }
    },
    "gap_prediction": {
      "predicted_gap_pct": 0.019910307125966285,
      "confidence": 60,
      "direction": "neutral",
      "us_weighted_change": 0.030631241732255822,
      "correlation_used": 0.65,
      "threshold": 0.3
    },
    "sentiment_score": 47.30739558220587,
    "recommendation": {
      "stance": "NEUTRAL",
      "message": "Mixed signals. Wait for market direction.",
      "expected_open": "+0.02%",
      "confidence": "60%",
      "risk_level": "MEDIUM"
    },
    "overnight_summary": {
      "generated_at": "2025-11-10 11:15:18 AEDT",
      "market_status": "ASX_OPEN",
      "key_levels": {
        "resistance_1": 8878.51,
        "resistance_2": 8966.41,
        "support_1": 8702.69,
        "support_2": 8614.79,
        "pivot": 8790.6
      }
    }
  },
  "sector_summary": {
    "Materials": {
      "total_stocks": 2,
      "avg_score": 69.5,
      "stocks_with_predictions": 0
    },
    "Financials": {
      "total_stocks": 1,
      "avg_score": 66.0,
      "stocks_with_predictions": 0
    },
    "Healthcare": {
      "total_stocks": 3,
      "avg_score": 50.666666666666664,
      "stocks_with_predictions": 0
    },
    "Technology": {
      "total_stocks": 1,
      "avg_score": 74.0,
      "stocks_with_predictions": 0
    }
  },
  "system_stats": {
    "total_stocks_scanned": 7,
    "total_predictions": 7,
    "total_opportunities": 7,
    "api_calls_used": 30,
    "api_limit": 500,
    "cache_hit_rate": 0.22077922077922077,
    "cache_hits": 17,
    "cache_misses": 60,
    "execution_time_seconds": 183.934043
  }
}