ticker,event_type,date,title,url
CBA.AX,basel_iii,2025-11-11,September Quarter 2024 Basel III Pillar 3 Disclosure,https://www.asx.com.au/asxpdf/20251111/pdf/...
ANZ.AX,earnings,2025-11-15,Q1 2025 Trading Update,https://www.asx.com.au/asxpdf/20251115/pdf/...
NAB.AX,basel_iii,2025-11-18,Q1 2025 Basel III Pillar 3 Report,https://www.asx.com.au/asxpdf/20251118/pdf/...
WBC.AX,earnings,2025-11-20,First Quarter 2025 Results,https://www.asx.com.au/asxpdf/20251120/pdf/...
MQG.AX,earnings,2025-11-22,Half Year Results 2025,https://www.asx.com.au/asxpdf/20251122/pdf/...
BHP.AX,dividend,2025-11-25,Interim Dividend Ex-Date,https://www.asx.com.au/asxpdf/20251125/pdf/...
RIO.AX,dividend,2025-11-27,Final Dividend Ex-Date,https://www.asx.com.au/asxpdf/20251127/pdf/...
CSL.AX,earnings,2025-12-05,Half Year Results FY25,https://www.asx.com.au/asxpdf/20251205/pdf/...
WES.AX,earnings,2025-12-10,First Quarter Sales Update,https://www.asx.com.au/asxpdf/20251210/pdf/...
BOQ.AX,basel_iii,2025-12-12,Q1 Basel III Disclosure,https://www.asx.com.au/asxpdf/20251212/pdf/...
